PLAYER_NAME,2026_27_TEAM,PTS_PER36,REB_PER36,AST_PER36,STL_PER36,BLK_PER36,PLUS_MINUS_PER36,FG_PCT,FG3_PCT,FT_PCT,W_PCT,MIN,GP,PLAYER_ID,LAST_TEAM,2026_27_SALARY_CLEAN,PTS_PER_MILLION
Aaron Wiggins,ATL,16.616471012881085,5.450823000799997,2.721696615117528,1.4637376587518163,0.5793212129109677,21.733873752147577,0.47430000000000005,0.3913,0.7751,0.7777,1475.7476666666666,70.9,1630598.0,OKC,9224300.0,1.8013801603244783
Ryan Nembhard,ATL,12.206203880841759,4.089232030609456,9.71576933588412,0.7686526373326044,0.061492210986608356,-13.89723968297349,0.415,0.356,0.806,0.317,1170.88,60.0,1642948.0,DAL,,
Devin Carter,ATL,15.6036972836016,6.6098929217858124,4.644966636894296,1.8090742932283888,0.4257232902591352,-25.032365706295145,0.39749999999999996,0.27499999999999997,0.6672499999999999,0.3505,585.8964583333333,37.24999999999999,1642269.0,SAC,5158080.0,3.025097959628699
Paul George,BOS,20.359886571248587,5.9984883794617785,4.304738312506125,1.9158242249621358,0.5221905810159253,-3.60199894075474,0.4427,0.386,0.8355999999999999,0.4868,1467.9471666666668,45.6,202331.0,PHI,54126380.0,0.3761545954347693
Mike Conley,BOS,10.880997666439836,3.5237345873525863,6.286770352969502,1.4103075903366213,0.39612649900686325,9.251742854121604,0.3789,0.3799,0.9022000000000001,0.615,1461.0958333333333,63.5,201144.0,MIN,3876529.0,2.8068918525928312
Mitchell Robinson,BOS,9.76051901224545,15.016053564397925,1.3795136693659458,1.7215166493082463,2.00124774597507,16.397866987011025,0.6807142857142857,0.0,0.4082857142857143,0.6357142857142858,1058.389761904762,51.71428571428572,1629011.0,NYK,15800000.0,0.617754367863636
Julius Randle,BKN,22.61307716494826,7.900211660247139,5.323439624150378,0.9315398965443276,0.25477141085181165,5.546739682403391,0.4804,0.32289999999999996,0.799,0.6004,2298.825333333333,69.4,203944.0,MIN,33333334.0,0.6783923013806017
Naz Reid,CHA,18.962055421827493,8.184368062089346,2.801524848570896,1.1971850974828162,1.320505900384111,6.418035280719572,0.46199999999999997,0.3775,0.746,0.615,2056.4756666666663,78.7,1629675.0,MIN,23275862.0,0.8146660872034511
Grayson Allen,CHA,17.979312705662714,4.10383790885195,4.000957853941685,1.4219259605478243,0.4213200728739256,0.4701137469592347,0.4357,0.39449999999999996,0.8489,0.5258,1699.4106666666667,59.7,1628960.0,PHX,18125000.0,0.9919620803124256
Dorian Finney-Smith,CHA,8.987936455305487,5.345205702038942,1.977313440516871,1.0171245770747543,0.45211380013372626,12.131355277742163,0.3851,0.32789999999999997,0.788,0.5780000000000001,1242.6779999999999,51.0,1627827.0,HOU,13335000.0,0.6740109827750645
Nic Claxton,CHI,14.609702635043899,9.838833138434264,3.7727756604697062,0.9341835420382114,1.792542041458288,-11.829281396098555,0.5801999999999999,0.1904,0.5721,0.29510000000000003,1947.8354999999997,69.7,1629651.0,BKN,23147727.0,0.6311506367361209
Norman Powell,CHI,24.243754070026714,3.8711331201896337,2.485291873799162,1.2291689185982175,0.27599867982320186,5.082545400586449,0.4774,0.4024,0.8209,0.5694,1843.9404999999997,62.2,1626181.0,MIA,22500000.0,1.0775001808900762
Zaccharie Risacher,DAL,16.49290667303957,5.809348885328723,1.811292708925641,1.263905495511363,0.8097999866067453,2.282488972585309,0.456125,0.363125,0.669125,0.533625,1630.8033333333333,70.0,1642258.0,ATL,13826040.0,1.1928872383588915
Marcus Sasser,DAL,15.88565621743615,3.1230026227714553,5.9865074543153085,1.5159317762020406,0.274949652226754,24.476032730889816,0.4195,0.3971,0.8452,0.5613,741.7096666666666,50.3,1631204.0,DET,5198983.0,3.055531479413599
Santi Aldama,DAL,17.23214496154386,8.58530793657263,3.7304931466239166,1.085615776501442,0.8947487647329088,-7.371090071709706,0.4714,0.35519999999999996,0.665,0.39380000000000004,1420.545,53.2,1630583.0,MEM,17007043.0,1.0132358083379844
Isaiah Joe,DET,17.63311365297548,4.377961406727337,2.4170202674792254,1.1494587326615957,0.3015769539128176,21.04718615781651,0.45110000000000006,0.4183,0.8663000000000001,0.7777,1523.8888333333334,73.3,1630198.0,OKC,11323006.0,1.5572820197194528
John Collins,DET,19.58997091358049,8.601150194342193,1.672802746198819,1.0736851429175986,1.0755060274607482,-7.402503556685839,0.5405,0.39690000000000003,0.7964,0.3937,1682.0986666666663,60.1,1628381.0,LAC,17000000.0,1.1523512302106171
Taurean Prince,DET,12.689620836121943,4.6019051656377865,2.533910760732474,1.0482344281805083,0.3710348308927599,-13.808003074830012,0.4505,0.42889999999999995,0.8909,0.4851,1376.934,52.6,1627752.0,MIL,3815861.0,3.325493469526784
Gary Harris,DET,7.754801710464681,3.1392812665831826,2.3280055304335443,1.4025449128089558,0.5052190355173416,-13.09637234807403,0.42410000000000003,0.387,0.7706,0.4596,803.0664999999999,49.2,203914.0,MIL,3815861.0,2.0322547677875797
Charles Bassey,GSW,15.051329507476401,14.571987803416642,1.629761793803177,1.3421567713673224,2.876050224358548,-21.666245023501062,0.581,0.0,0.636,0.415,375.515,36.0,1629646.0,SAS,2845883.0,5.288808256515254
Marcus Smart,HOU,14.17345328376793,3.5240261301115963,4.63648717022612,1.992417882027533,0.4364225147539618,-21.559476444404215,0.40140000000000003,0.3325,0.7928999999999999,0.45480000000000004,1209.5601666666666,45.2,203935.0,LAL,5390700.0,2.629241709567947
Bogdan Bogdanović,HOU,15.477589508758031,4.4389773269562625,3.9412988165610843,1.0145782590710506,0.2855603331459244,6.227673247858539,0.4077,0.35719999999999996,0.8479000000000001,0.5267999999999999,1110.6091666666666,43.5,203992.0,LAC,16020000.0,0.9661416672133603
Kelly Oubre Jr.,IND,16.443749828888105,5.988251144177578,1.8297566166450754,1.5253300185004748,0.5949564322822188,-1.951307586086906,0.4627,0.3301,0.7583,0.477,1821.6768333333334,56.6,1626162.0,PHI,8250000.0,1.9931817974409825
Larry Nance Jr.,IND,12.05938276273795,7.949168412992771,2.918689720402819,1.6697398181802838,0.6562363604901769,13.491854608657842,0.4789,0.38360000000000005,0.5926,0.583,606.5806666666666,36.9,1626204.0,CLE,4000000.0,3.0148456906844876
Brandon Ingram,LAC,22.859612862182846,5.831353602832252,4.580316886540587,0.8173611093823416,0.738817637149489,4.061902497855101,0.48128571428571426,0.37428571428571433,0.8145714285714287,0.5715714285714286,2460.6680952380952,73.28571428571429,1627742.0,TOR,40000000.0,0.5714903215545711
Gradey Dick,LAC,15.86109481562852,4.543410177119658,1.9135902776437006,1.2790472624024867,0.19751896349420933,-1.4788709382860867,0.4175,0.3285,0.8674999999999999,0.45130000000000003,1263.0898333333332,66.2,1641711.0,TOR,7131511.0,2.2240861460675756
Rui Hachimura,LAC,15.40677237584949,4.975921583726704,1.3316890160617498,0.7861452531392722,0.4450624467577393,2.1165657677195346,0.5171,0.42979999999999996,0.7258,0.6206,1889.0286666666666,65.3,1629060.0,LAL,14000000.0,1.1004837411321065
Walker Kessler,LAL,13.105583472607941,14.019376460225612,1.8945516585230842,0.7404173204815477,3.0263306549329787,-13.83425637322177,0.6612,0.183,0.5364,0.2717,1690.8773333333334,59.2,1631117.0,UTA,32500000.0,0.40324872223409053
Jaden Hardy,LAL,20.242989659088003,3.736375646267455,2.919848519429544,0.8140511994048852,0.20887653503639692,-19.530572768835896,0.4239,0.38670000000000004,0.7311,0.36829999999999996,919.1225,60.2,1630702.0,WAS,6000000.0,3.3738316098480006
Collin Sexton,LAL,23.896590183421072,3.49154002286784,5.439396920722476,1.3519359099733734,0.21090929570300043,-10.862458468706198,0.4839,0.4011,0.8588,0.3267,1748.8823333333335,68.5,1629012.0,CHI,9366000.0,2.5514189817874304
Quentin Grimes,LAL,16.589909942963633,4.668543474814449,3.6780146287414546,1.1651469206201726,0.39569760489806116,-8.111375698096492,0.4395,0.35009999999999997,0.7983,0.3966,1911.7765,70.2,1629656.0,PHI,15000000.0,1.1059939961975755
Matisse Thybulle,LAL,11.776249538452603,4.103502581495511,2.0698617740461636,3.9980610105506913,1.1966184190952271,-6.40398059958414,0.4227142857142857,0.3831428571428572,0.8168571428571428,0.43885714285714295,767.5738095238097,40.0,1629680.0,POR,3300000.0,3.568560466197759
Ziaire Williams,LAL,15.392207621630035,5.142344868303679,1.9518612571206289,1.7518903527187057,0.553652311273434,-19.5733749484058,0.4155,0.33520000000000005,0.8367,0.28290000000000004,1310.5906666666667,57.1,1630533.0,BKN,6250000.0,2.4627532194608057
Sandro Mamukelashvili,LAL,18.318913220331073,9.372985524757333,3.0958638297747623,1.1185796008886078,0.8826607256822341,-9.691613013876804,0.5063,0.3658,0.7427999999999999,0.4586,1169.9,67.5,1630572.0,TOR,2801346.0,6.539325460093495
Kevon Looney,LAL,8.719954820271713,13.80192763038741,3.907838156580424,1.130603017788319,1.1100678450042776,-17.748422782198748,0.4821,0.197,0.6547999999999999,0.44620000000000004,735.2755,48.1,1626172.0,NOP,8000000.0,1.0899943525339642
Jerami Grant,MEM,20.508217613978758,4.0093590031578685,2.6094115149965784,0.9136520755754846,0.842107492044297,-4.895633383990719,0.4286,0.3844,0.8251,0.43889999999999996,1670.6641666666667,53.4,203924.0,POR,34206898.0,0.5995345621219076
Kris Murray,MEM,9.456094256148653,5.86675293073631,2.2267061630252805,1.3349191613779954,0.5856438963405632,-6.8086602572310655,0.4384,0.26060000000000005,0.611,0.43889999999999996,1248.3753333333334,61.6,1631200.0,POR,5315004.0,1.7791321052907303
AJ Johnson,MEM,12.591777932842136,3.9768538216859386,3.939382554902434,0.799600175979035,0.21230539575539975,-43.99887535665948,0.34687499999999993,0.23199999999999998,0.855625,0.280625,522.7908333333332,40.875,1642358.0,DAL,3237120.0,3.8898088216816604
Isaiah Stewart,MEM,13.761831375220073,8.511903464783005,2.197823576282884,0.5155839125346038,2.2239848798669,6.5374829470771205,0.5401,0.33940000000000003,0.7563,0.5613,1373.2853333333333,59.8,1630191.0,DET,15000000.0,0.9174554250146715
D'Angelo Russell,MEM,18.91238876269893,4.085041282233075,7.3472521122122,1.0450849150258092,0.3448931915462131,-39.83643019399338,0.4107,0.3247,0.7743,0.3132,1188.3386666666668,45.6,1626156.0,WAS,5969250.0,3.1683023432925297
Quinten Post,MEM,16.650648767633278,8.13485072413507,2.9269686483469415,0.819639643131703,1.0337019018462958,4.442124341841078,0.443375,0.363,0.786125,0.50125,981.6577083333332,57.625,1642366.0,GSW,10000000.0,1.6650648767633278
Giannis Antetokounmpo,MIA,33.03885927064662,12.221206908344422,6.773112449346863,1.1065955374050065,1.0053334653952941,-7.255208301789735,0.6145,0.28790000000000004,0.6415,0.4901,1719.6526666666666,52.7,203507.0,MIL,58456566.0,0.565186454343668
Bobby Portis,MIA,20.12749033723477,10.502970821887072,2.4431650127065834,1.0034899020781918,0.4810736571486991,-3.1242685469300726,0.4854,0.41890000000000005,0.7618,0.4901,1584.394,64.6,1626171.0,MIL,14521414.0,1.3860558164125596
Tim Hardaway Jr.,MIA,17.231709375934713,3.5236248383405737,2.002895098062184,0.6886353748608953,0.1401056412862862,4.967955757638096,0.4257,0.38449999999999995,0.8324,0.6126,2133.554166666667,78.9,203501.0,DEN,0.0,
Tyler Herro,MIL,23.570209621752134,5.471331137679355,5.012958414232723,0.8278755149424435,0.2918947409834033,4.248426240892909,0.4698,0.3807,0.8931,0.5095000000000001,1615.2716666666665,48.0,1629639.0,MIA,33000000.0,0.7142487764167313
Jaime Jaquez Jr.,MIL,17.303270964318695,6.442025415039504,4.961533599339243,1.1765686316428106,0.35683906250463643,2.474461579455009,0.48960000000000004,0.31620000000000004,0.7728999999999999,0.5095000000000001,1893.758,72.3,1631170.0,MIA,5939141.0,2.9134298990912484
Kasparas Jakučionis,MIL,12.50015438170568,5.259211294742024,5.221101067968531,1.2576374835252668,0.2667715874144505,7.279053313737149,0.429,0.423,0.879,0.524,944.6283333333332,53.0,1642857.0,MIA,3841680.0,3.253824988470065
Kel'el Ware,MIL,16.884773502923885,13.653661551321136,1.3089393865538308,1.1492573283724716,1.7830910452153081,2.95883046454915,0.539,0.36500000000000005,0.720125,0.496625,1598.3210416666668,72.125,1642276.0,MIA,4654920.0,3.62729617327986
Caris LeVert,MIL,15.658737574574673,4.227471272018865,5.206232298744769,1.4603534231303275,0.9875983950688981,10.530035040198786,0.43279999999999996,0.34340000000000004,0.7057,0.6294,1447.6561666666666,62.8,1627747.0,DET,14809200.0,1.0573655278188336
LaMelo Ball,MIN,26.715938936392533,5.905164861726515,8.851186425194516,1.5687362194597603,0.2944070307204448,-10.331367075226913,0.41159999999999997,0.3567,0.8754,0.3893,1602.3358333333333,54.5,1630163.0,CHA,40770520.0,0.6552758938662675
Josh Green,MIN,10.075904586823428,3.8867728228674343,2.1717934189098216,1.342196175855276,0.24784427333707976,4.442697049952007,0.4537,0.4043,0.7876000000000001,0.4601,1321.1591666666666,60.8,1630182.0,CHA,14679012.0,0.6864157197244221
Mouhamed Gueye,MIN,11.519581921304953,8.77106467909933,2.001153607751614,1.8738005974061944,1.580594591178756,1.4225389153010095,0.44037499999999996,0.289625,0.688875,0.533625,936.5566666666666,60.49999999999999,1631243.0,ATL,2406205.0,4.787448252042097
Trey Lyles,MIN,12.427938186135641,8.253044560189405,2.2076330433929092,0.8675916303043596,0.6043553277318846,2.4021243046141527,0.43000000000000005,0.35760000000000003,0.7,0.5172000000000001,1273.0003333333334,64.6,1626168.0,SAC,,
Andre Drummond,NYK,13.642339798218645,16.01336797409989,1.8563573179332478,1.5058582896825436,1.2313813393521038,-8.200320588435593,0.4972,0.22299999999999998,0.6205,0.4576,1110.8145,59.3,203083.0,PHI,3876529.0,3.5192152046892065
Moussa Cisse,NYK,11.556327655878242,14.683333962762942,0.6118055817817892,1.291589561539333,3.0590279089089467,-30.726235885040975,0.574,0.0,0.469,0.317,529.58,38.0,1630619.0,DAL,,
Nikola Vučević,ORL,19.728774035766918,11.010816046076261,4.023160138170995,0.8132401753549219,0.8179680160411402,5.314757202629394,0.5023,0.3639,0.8199,0.5795,2114.4345,69.1,202696.0,BOS,3900000.0,5.058660009171005
Jaylen Brown,PHI,26.962181773500426,6.656544916352358,4.878827852238754,1.1509905103112812,0.40776370400648465,11.2465532666527,0.47719999999999996,0.34149999999999997,0.7673000000000001,0.7207,2337.3019999999997,68.4,1627759.0,BOS,57078728.0,0.47236830108583405
Anfernee Simons,PHI,21.380913663616735,3.4220124138728503,4.506876055404938,0.7416742818328922,0.15128232055344537,-10.120537508584297,0.43379999999999996,0.3784,0.9018,0.3719,1689.8848333333333,57.7,1629014.0,CHI,6150000.0,3.476571327417355
Dean Wade,PHI,9.322061798310223,6.937756489458882,2.1368666036908954,1.2231335780770682,0.6490926689867094,12.633337918395846,0.4262,0.36719999999999997,0.6692,0.6679999999999999,1256.1931666666667,58.0,1629731.0,CLE,9750000.0,0.956108902390792
Ariel Hukporti,PHI,8.26771222876274,10.3517712126732,1.9935244919499255,0.4687653233412828,2.1064019492098676,44.31872532360696,0.6057499999999999,0.15625,0.66575,0.637,392.7379166666666,43.125,1630574.0,NYK,3400000.0,2.4316800672831587
Caleb Love,PHI,18.095841597195363,4.05289968974513,4.372865454725009,0.9598972949396362,0.14220700665772387,-0.8532420399463433,0.388,0.318,0.735,0.512,1012.6083333333332,49.0,1631126.0,POR,,
Rayan Rupert,PHI,10.976960914293285,5.846303461120627,2.433715484171185,1.4355094243408009,0.27916042113142203,-22.422258835089146,0.3859,0.31510000000000005,0.7711,0.3354,800.7800000000001,55.4,1641712.0,MEM,0.0,
Miles Bridges,PHX,20.8702506222876,7.3623545550363385,3.819471996905218,0.7623967707766699,0.5879752209298625,-3.3339518201875697,0.4517,0.33020000000000005,0.837,0.3893,2318.4596666666666,71.5,1628970.0,CHA,22826087.0,0.9143157398062839
Luke Kennard,PHX,14.30245261775664,4.106767599361671,4.42166744699958,1.1001806587592813,0.1367961824023899,0.32639630232962746,0.49950000000000006,0.4589,0.9028,0.5643,1481.5551666666665,66.3,1628379.0,LAL,6500000.0,2.200377325808714
Haywood Highsmith,PHX,9.94810311067064,5.207551761353816,2.0684640889089625,1.3665547090993146,0.7558150195430817,2.0646286353889796,0.4608,0.3876,0.6881999999999999,0.49500000000000005,1637.33,70.8,1629312.0,MIA,3018158.0,3.296084270826988
Ja Morant,POR,25.695559156817083,4.39434975718059,9.60682045307427,1.333650454163821,0.34410840717751884,-15.974933958779397,0.42649999999999993,0.26275,0.869625,0.4099999999999999,924.9787499999999,31.25,1629630.0,MEM,42166510.0,0.6093831136799579
Branden Carlson,POR,17.837302566158673,8.67339580702326,2.1035683530584772,0.6426399337836831,2.394911183427305,99.92541379028695,0.49549999999999994,0.34987499999999994,0.652375,0.7983750000000001,397.52833333333325,38.25,1642382.0,OKC,,
Micah Potter,POR,14.446564096134718,8.911356245832165,2.302683795640222,0.8129865055235406,0.6395888285019439,-30.889721303442034,0.48012499999999997,0.382875,0.8449999999999999,0.222625,832.1347916666667,43.62499999999999,1630695.0,IND,2801346.0,5.157008129711474
Jonathan Mogbo,SAC,9.599024955070842,9.412779913556713,3.79304471026206,1.5719151986090099,1.0802081483998665,17.27638845872328,0.5336249999999999,0.09112499999999998,0.676375,0.487875,637.6810416666666,48.62499999999999,1642367.0,TOR,2296271.0,4.180266595306408
Tobias Harris,SAS,16.97641898416873,6.732197589757613,3.037834783306355,1.157646519409947,0.6750272592573165,8.390087936001098,0.475,0.3581,0.8669,0.6416999999999999,2037.9050000000002,67.4,202699.0,DET,15500000.0,1.0952528376883053
Kawhi Leonard,TOR,27.92382158755306,6.85588413633864,3.836119513337129,1.9363928950250702,0.5710373013649815,5.130612273475945,0.5069,0.4002,0.8660000000000001,0.5634,1862.3591666666666,57.2,202695.0,LAC,50300000.0,0.5551455584006573
Kyle Anderson,TOR,11.503699204503105,6.487677004758469,5.558304853671203,1.6673115975458561,1.094066730161138,8.434716327301334,0.49770000000000003,0.3349,0.716,0.5709,1083.6226666666666,55.6,203937.0,MIN,3876529.0,2.967525640722178
Josh Okogie,UTA,11.66194148734569,5.767209333446021,1.9678120445818796,2.027210635500226,0.7211175272938235,-5.334948960388001,0.42879999999999996,0.3587,0.6682999999999999,0.5062,1056.3423333333335,63.0,1629006.0,HOU,6000000.0,1.943656914557615
Jaxson Hayes,UTA,13.687091281924486,8.433618963009113,1.7243249938109209,1.018121005302742,1.5178757527626692,3.5388353981550633,0.7385999999999999,0.5,0.6375,0.6206,1106.5208333333335,63.8,1629637.0,LAL,6000000.0,2.2811818803207475
Mo Bamba,UTA,12.129872382379373,12.203791412468576,1.7377589970754568,0.8980548228768375,2.786418756119959,-35.518112714948735,0.4744,0.32320000000000004,0.6943999999999999,0.3828,544.2316666666667,42.0,1628964.0,NOP,3600000.0,3.369408995105381
Deandre Ayton,WAS,17.118432102575603,11.38047270447615,1.4789294095392145,0.8806131035418551,1.1623054993700777,-3.849610940805664,0.6193,0.0764,0.6872,0.5059,1697.5781666666667,59.0,1629028.0,LAL,8104000.0,2.11234354671466
Khris Middleton,WAS,17.649291563710882,5.8882733331117745,5.536287125943124,1.2080225497897412,0.28765669063970467,-17.677552826043403,0.45109999999999995,0.3645,0.8612,0.34409999999999996,1269.9518333333333,53.6,203114.0,DAL,5591122.0,3.156663647065988
Cam Whitmore,WAS,20.781890254360253,6.394397873165948,1.6728700796279612,1.4131493948051133,0.7156925463492438,-44.34776354623375,0.45199999999999996,0.32130000000000003,0.7318,0.3937,601.0338333333334,35.2,1641715.0,WAS,5458310.0,3.8073854827520335
A.J. Lawson,TOR,16.429746182474936,6.490465760495061,1.7087182284011946,1.4754972259930084,0.5211187028386097,14.844551150331526,0.4335,0.3611,0.7243,0.5123,321.1605,28.2,1630639.0,TOR,,
AJ Green,MIL,12.890440192195161,3.571814708225762,2.2599660748159356,0.6555966771576791,0.15588774555497364,-0.1948191331704745,0.4253,0.4192,0.851,0.4901,1755.5655000000002,72.1,1631260.0,MIL,,
Aaron Gordon,DEN,19.18380201750607,7.0638207868805925,3.7556724472261447,0.7233819571544435,0.4246896368665426,11.291005971176094,0.519,0.3833,0.7581,0.6515,1395.8561666666667,47.9,203932.0,DEN,33658037.0,0.5699619980067784
Aaron Holiday,HOU,14.743803024894994,3.0982216220036793,3.3089241615585667,1.1197454203894743,0.2992643760646512,15.433414321322097,0.42879999999999996,0.39380000000000004,0.8599,0.6072,881.8991666666666,62.7,1628988.0,HOU,0.0,
Aaron Nesmith,IND,16.74826618895315,5.228047628236988,2.0693988148073252,0.9222150048893273,0.650688713116228,-6.167283025356368,0.45829999999999993,0.4026,0.8446,0.41359999999999997,1402.8915000000002,50.4,1630174.0,IND,11000000.0,1.5225696535411954
Ace Bailey,UTA,17.985118054379313,5.469794211905893,2.372659078674411,1.086714081835608,0.8874831668324131,-12.51532384247342,0.443,0.344,0.75,0.268,1987.6433333333327,72.0,1642846.0,UTA,9523080.0,1.8885820610957078
Adem Bona,PHI,11.301036340820838,9.25343095430168,0.9863547643080385,0.9349682183698069,2.5247357307672518,-7.899909071873534,0.6355,0.208125,0.6937499999999999,0.45299999999999996,1110.5572916666665,66.125,1641737.0,PHI,2296271.0,4.921473267232325
Adou Thiero,LAL,11.363076716437957,6.769492511920485,2.417675897114459,1.6923731279801213,0.4835351794228918,34.81453291844821,0.516,0.333,0.636,0.646,148.90333333333334,25.0,1642876.0,LAL,2150917.0,5.282898743390822
Ajay Mitchell,OKC,17.116285629176616,4.440442079633757,4.594415650121213,1.6500391347226797,0.36544581143742966,37.82179745459136,0.48875,0.3605,0.854625,0.7983750000000001,1144.3570833333333,49.12499999999999,1642349.0,OKC,2850000.0,6.005714255851444
Al Horford,GSW,12.737938501754847,8.179288111244462,3.6831285240457348,0.9488472597543169,1.535861935138513,7.858580020216056,0.4421,0.3732,0.8649,0.6047,1330.1238333333333,53.5,201143.0,GSW,5969250.0,2.133926121666013
Alex Caruso,OKC,12.626697197291936,5.347878372374213,4.233959135151929,2.5965249338876646,0.8582636836371421,26.656615200628213,0.4389,0.33399999999999996,0.8012,0.7339,1230.4325,58.4,1627936.0,OKC,19550160.0,0.6458615784879477
Alex Sarr,WAS,19.969886524300676,9.359190310591767,3.4399905758136438,1.000000097770987,2.389914996248835,-24.52542897936769,0.44899999999999995,0.323625,0.6871249999999999,0.21187499999999998,1495.7491666666663,55.12499999999999,1642259.0,WAS,12370680.0,1.6142917385544429
Alijah Martin,TOR,12.608591147889982,5.191772825601758,2.9667273289152902,1.97781821927686,0.98890910963843,57.35672835902894,0.32,0.19,0.789,0.561,145.615,23.0,1642918.0,TOR,,
Alperen Sengun,HOU,22.23347190876716,10.422130203721911,6.1163627154463125,1.2844020895400292,1.015036638965384,5.2053895808537405,0.5157,0.2818,0.6917,0.6072,2326.4674999999997,71.4,1630578.0,HOU,,
Amari Williams,BOS,7.4113045268431055,9.881739369124139,2.4704348422810347,0.7411304526843104,2.4704348422810347,155.88443854793329,0.5,0.0,0.714,0.683,145.72333333333333,22.0,1642873.0,BOS,2150917.0,3.4456487753098353
Amen Thompson,HOU,16.572508235232025,8.600353439400013,4.69123998048946,1.6005268781350812,0.9215310709193156,4.8814106603912695,0.5413,0.21810000000000002,0.7315,0.6072,2421.9058333333332,72.6,1641708.0,HOU,12258609.0,1.3519077274780544
Amir Coffey,PHX,12.051587027019046,3.816299553831658,1.8413326707948312,0.7795879327652233,0.29575931940111655,8.090492516977003,0.47919999999999996,0.3722,0.8321000000000001,0.5819000000000001,1061.6321666666665,58.599999999999994,1629599.0,PHX,0.0,
Andre Jackson Jr.,MIL,9.09095150043912,6.602715713196565,3.440173144190454,1.4139546785295947,0.40617617648546567,-17.508246605449482,0.4071,0.3175,0.6079,0.4901,612.5473333333334,55.5,1641748.0,MIL,2406205.0,3.7781284223244156
Andrew Nembhard,IND,16.14435400642052,3.451661490800165,7.465556497801385,1.2351277822260642,0.16927585386358407,-4.491052891381733,0.45799999999999996,0.3392,0.8115,0.41359999999999997,1796.3346666666666,61.6,1629614.0,IND,19550160.0,0.8257914005010967
Andrew Wiggins,MIA,18.959547991625662,5.6515623814006375,2.9606764635855685,1.1724420828175526,1.0489820040689941,2.7388078811634857,0.4625,0.3908,0.7711,0.5095000000000001,1968.0733333333333,66.2,203952.0,MIA,30169644.0,0.6284312798528766
Anthony Black,ORL,15.204161868302421,4.475434820045683,4.160424369541726,1.5662365635117093,0.8286688958738455,1.4594245302240223,0.4436,0.3407,0.7169,0.5391,1753.965,69.2,1641710.0,ORL,10106316.0,1.5044217762736116
Anthony Davis,WAS,24.69729127339995,12.656999788207012,3.466627329248425,1.2492241045059433,2.1206415392583313,-28.743050682697174,0.519,0.27380000000000004,0.7597,0.36089999999999994,1364.5101666666667,40.5,203076.0,WAS,58456566.0,0.422489601482919
Anthony Edwards,MIN,28.316427032659636,5.354527540579939,4.306970203518925,1.3040475122517772,0.7138068810936278,5.23388838689924,0.4708,0.3894,0.8163,0.615,2483.690833333333,70.0,1630162.0,MIN,48924624.0,0.578776589732394
Anthony Gill,WAS,12.497357658523494,6.234387495355434,2.2654645034270553,1.0319103899253177,0.6216041374919152,-58.056628583375144,0.5545,0.3227,0.7287,0.2061,688.0451666666668,52.8,1630264.0,WAS,0.0,
Asa Newell,ATL,16.34699694944073,6.9132674323626,1.8723432629315373,1.1522112387270997,1.0801980363066561,14.258614079247861,0.538,0.387,0.552,0.561,499.90833333333336,44.0,1642854.0,ATL,3399480.0,4.808675723769732
Ausar Thompson,DET,14.207285593799067,8.262508740232706,3.800861610112739,2.4928444166985315,1.2489533875224077,4.22350147285269,0.5196000000000001,0.2294,0.5972,0.5613,1662.6805,66.8,1641709.0,DET,11117925.0,1.2778720484082298
Austin Reaves,LAL,21.93559341063694,4.809643221053575,5.87638014677122,1.0959939114232218,0.36599539394891406,2.029060135350236,0.4802,0.3665,0.8692,0.6206,2171.6425,63.8,1630559.0,LAL,14898786.0,1.472307435695562
Ayo Dosunmu,MIN,17.172083236020878,4.21826582158475,4.781869564342228,1.1094723612513908,0.4288655334556344,1.2557512027310023,0.5063,0.39849999999999997,0.8355,0.5369999999999999,1801.1803333333332,63.5,1630245.0,MIN,22400000.0,0.7666108587509322
Bam Adebayo,MIA,20.942962500261864,10.793394768040763,3.9555633572326174,1.2918330090618908,0.7837244669018842,2.068758839803267,0.4707,0.3375,0.7695000000000001,0.5095000000000001,2467.7451666666666,74.1,1628389.0,MIA,49800000.0,0.4205414156679089
Baylor Scheierman,BOS,10.695618023586965,6.520401446827192,2.9865581662773057,1.2589913632074345,0.1647845620171404,36.20251875333562,0.41625,0.36825,0.845625,0.7058749999999999,1037.2727083333332,59.74999999999999,1631248.0,BOS,2744040.0,3.8977631607363468
Ben Saraf,BKN,13.043501985299867,3.6144644055650237,5.696710204423135,1.4929309501246837,0.31430125265782816,-32.17659074084516,0.396,0.211,0.83,0.244,916.3183333333334,44.0,1642879.0,BKN,3028560.0,4.306832945459184
Ben Sheppard,IND,11.086297258375208,4.865991026778564,2.6910088524908646,1.1304399184390457,0.21832696078616864,-4.661104107612468,0.421,0.34640000000000004,0.8262,0.41359999999999997,1226.9578333333334,62.8,1641767.0,IND,5031669.0,2.203304163762602
Bennedict Mathurin,LAC,20.359338505070994,6.2752134903626615,2.673645418904341,0.8777488723004565,0.3305625289597348,3.122925533415282,0.4416,0.33430000000000004,0.848,0.5536,1762.4810000000002,60.4,1631097.0,LAC,0.0,
Bilal Coulibaly,WAS,14.32278686341658,5.68535387535473,3.343712848990087,1.591684529866555,1.0911578554606065,-20.899176780983325,0.42579999999999996,0.313,0.7372,0.2061,1661.1045000000001,58.3,1641731.0,WAS,9240012.0,1.5500831452834238
Bismack Biyombo,SAS,7.460045891232182,8.447107857549463,1.7535562427847298,0.9370211191008093,1.0621857411883686,87.62266682021053,0.5893999999999999,0.0,0.5731999999999999,0.6415,387.21500000000003,28.9,202687.0,SAS,0.0,
Blake Wesley,POR,13.016941744092213,3.6826637724938265,6.259823559600675,1.621536707341063,0.41827267267893214,-9.143343205601056,0.45130000000000003,0.2705,0.5968,0.4341,560.5261666666667,45.1,1631104.0,POR,2378870.0,5.471901257358415
Bones Hyland,MIN,19.38923087649345,3.80620435492004,5.562241689144445,1.8336484277842293,0.49424090075716537,26.336215046046046,0.42310000000000003,0.3762,0.8121,0.6028,768.1321666666666,50.1,1630538.0,MIN,2845883.0,6.81308081762091
Brandin Podziemski,GSW,15.938003922146846,6.840233720257584,4.728792696852551,1.3363688241674934,0.24876152213059144,2.133116768615411,0.4518,0.3741,0.7525,0.5132,2074.891833333333,75.0,1641764.0,GSW,5679459.0,2.8062538918137885
Brandon Miller,CHA,22.495475097818073,5.400867094606753,3.659189297556937,1.1420992155471277,0.7631524587910682,-7.651919899378363,0.4264,0.3726,0.8696999999999999,0.3893,1737.8180000000002,55.4,1641706.0,CHA,15104626.0,1.489310301216202
Brandon Williams,DAL,20.83524338917056,4.545544034349467,6.044285044220216,1.6188717876471763,0.4462285115098566,-9.669064239005191,0.49037499999999995,0.295,0.8079999999999999,0.376625,1096.826875,53.62499999999999,1630314.0,DAL,0.0,
Brice Sensabaugh,UTA,20.193594182632715,5.20063486034226,2.9682654172526504,1.058808277804932,0.25686235110241207,-17.777730793479854,0.4457,0.36929999999999996,0.8604,0.2717,1427.3825,65.2,1641729.0,UTA,4862237.0,4.153148886537763
Bronny James,LAL,11.928516129025832,2.71893200550674,4.694674216268079,1.8088767752960366,0.46314224030762713,16.077236664537143,0.373,0.34662499999999996,0.830375,0.6325,302.64854166666663,36.375,1642355.0,LAL,2296271.0,5.19473360462499
Brook Lopez,LAC,14.35066010869409,5.927301743910114,2.053531181493626,0.8358249831720936,2.1498067407180343,2.5267907267481764,0.4637,0.3651,0.7905,0.5510999999999999,2063.688,77.3,201572.0,LAC,9187500.0,1.561976610470105
Brooks Barnhizer,OKC,7.036875565925195,8.071710207973018,2.27663621250521,1.138318106252605,0.5174173210239114,94.583886283171,0.38,0.292,0.7,0.78,347.88166666666666,40.0,1642964.0,OKC,,
Bruce Brown,DEN,12.634381251199747,5.883381376408799,3.293270968986531,1.3920446908612614,0.3630127982091136,-7.2950679854560505,0.4594,0.357,0.7903,0.4673,1648.4264999999996,66.7,1628971.0,DEN,6500000.0,1.943750961723038
Bryce McGowens,NOP,13.459301463977777,3.761674216469785,2.4068509837449423,1.0340312772536406,0.35045559418949795,-20.583703007498663,0.46900000000000003,0.38728571428571434,0.7781428571428571,0.2995714285714286,880.4080952380953,46.857142857142854,1631121.0,NOP,2584539.0,5.20762173214557
Bub Carrington,WAS,13.132792644546738,4.607923837896811,5.774707816566824,0.8118788859160514,0.28380149458273024,-15.333288054663642,0.41537499999999994,0.38212499999999994,0.76075,0.21187499999999998,2340.8275,81.99999999999999,1642267.0,WAS,4900560.0,2.679855494993784
Buddy Hield,ATL,17.232417197139426,4.975762554757228,3.1234459223082105,1.4902065342161654,0.4710780138557429,6.7546061131518025,0.43079999999999996,0.3627,0.8301000000000001,0.5706,1400.5099999999998,66.9,1627741.0,ATL,9658536.0,1.7841645149057193
CJ McCollum,ATL,22.709594007868965,4.2080705312058875,4.685952500984922,0.9870086131182747,0.5566146808188265,-1.775660504622758,0.4525,0.3852,0.7665,0.4769,2112.8966666666665,68.0,203468.0,ATL,21000000.0,1.0814092384699507
Cade Cunningham,DET,25.62730003807693,5.74469090010759,9.67573898810785,1.2696631744068037,0.757394508796366,3.6391961668562263,0.46099999999999997,0.3488,0.8336,0.5613,2236.2648333333336,65.4,1630595.0,DET,50105628.0,0.5114654992065347
Caleb Martin,DAL,10.552110652129073,5.727503691396981,3.1313508357599864,1.4414397515072706,0.6381498298186155,-9.781030036068675,0.4384,0.353,0.6456999999999999,0.4135,1144.8215,55.3,1628997.0,DAL,10001493.0,1.0550535457185315
Cam Christie,LAC,11.706096925482022,5.853048462741011,2.3262115685252733,1.2006253256904638,0.22511724856696197,6.978634705575821,0.381,0.245,0.76,0.512,479.75,55.0,1642353.0,LAC,2296271.0,5.097872561854425
Cam Spencer,MEM,16.145829622473926,4.007234991111322,7.069163301269636,1.1641116816381938,0.19788077449905345,14.830861612232574,0.45125,0.4175,0.9625,0.4099999999999999,1166.1235416666666,54.375,1642285.0,MEM,2411090.0,6.696485665186254
Cam Thomas,MIL,25.015088940953927,3.341541074761153,4.173645883873185,0.5475214416270867,0.16494263350744753,-19.287912161563252,0.42479999999999996,0.3325,0.841,0.36810000000000004,1089.5803333333333,41.7,1630560.0,MIL,0.0,
Cameron Johnson,DEN,17.12792039295169,4.863697000330832,3.228121750135152,0.9758244909152511,0.4470641036075328,0.04633180570580908,0.4717,0.4102,0.8452,0.5026,1683.2525,55.7,1629661.0,DEN,23062500.0,0.7426740549789351
Cameron Payne,PHI,15.98332222529986,3.7921975791191365,5.932187813824026,1.7723598684967812,0.5558635293190564,3.988256669651229,0.3947,0.3519,0.8773,0.5757,774.9766666666667,48.2,1626166.0,PHI,0.0,
Carter Bryant,SAS,13.117079224566401,7.835033899237649,2.0688010857537615,0.7042727100438336,1.0123920206880108,29.975607221240672,0.408,0.335,0.714,0.756,817.865,71.0,1642868.0,SAS,5145360.0,2.5493025219938743
Cason Wallace,OKC,11.463080438248186,4.207705730834311,3.26594334960872,2.333758000092586,0.6052445971090876,16.700853578649323,0.45640000000000003,0.3661,0.8046,0.7777,1924.2973333333334,75.3,1641717.0,OKC,7420806.0,1.5447217510130553
Cedric Coward,MEM,18.991872903559567,8.200524005807454,3.8524439697611936,0.9011564841546652,0.6082806268043989,-11.106753667206247,0.471,0.338,0.843,0.305,1597.9466666666667,62.0,1642907.0,MEM,6001080.0,3.1647424969438114
Chaz Lanier,DET,10.992156638232096,3.1602450334917274,2.3358332856243202,0.9618137058453083,0.0,91.92190988721589,0.315,0.284,0.833,0.732,262.005,34.0,1642404.0,DET,2150917.0,5.110451327611477
Chet Holmgren,OKC,20.59478740607902,10.633788765190491,2.409467200039388,0.829072970854708,2.6223926340495027,23.050413159320062,0.5315000000000001,0.36869999999999997,0.7808,0.7777,1744.1554999999998,60.5,1631096.0,OKC,41500000.0,0.49625993749588004
Chris Youngblood,POR,13.809373733735537,5.445950204853451,2.333978659222908,0.7779928864076359,0.583494664805727,-4.667957318445816,0.349,0.333,0.9,0.512,185.09166666666667,34.0,1642959.0,POR,,
Christian Braun,DEN,14.293231289342492,5.7004021495237716,2.9454161211422547,0.9117369050414978,0.45595640241906976,8.591201852319678,0.5255000000000001,0.34640000000000004,0.7779,0.6515,1833.2971666666667,62.1,1631128.0,DEN,21551726.0,0.6632058745245041
Christian Koloko,ATL,8.16263923687307,8.746365788444747,1.767956813767806,1.1993974937106,2.0833759005945027,16.443396470785306,0.489125,0.06937499999999999,0.6846249999999999,0.579375,350.9914583333333,30.75,1631132.0,ATL,0.0,
Clint Capela,HOU,13.160080947233517,13.981314480963821,1.8893948880965121,1.1765805894652654,2.1169170630095238,6.784520037903764,0.5419,0.25,0.5755,0.5512,1192.3781666666666,68.6,203991.0,HOU,7035000.0,1.870658272527863
Coby White,CHA,22.923262207083447,4.546295704870367,5.347052531052752,0.7966299875454743,0.18751423022669755,4.844318875846234,0.44830000000000003,0.36719999999999997,0.8467,0.5065,1936.2425,63.0,1629632.0,CHA,24600000.0,0.9318399271172132
Cody Williams,UTA,11.044186902635541,4.171899260478985,2.6421665465918753,0.9967857462009985,0.5626247453748463,-19.294410611148926,0.413625,0.230875,0.713125,0.24512499999999998,1416.4429166666666,60.625,1642262.0,UTA,6015600.0,1.8359244136304842
Cole Anthony,MIL,17.22351587309437,5.990995528821335,6.742182622180813,1.3309517546884262,0.8026012390041295,-13.256587380962321,0.4262,0.3265,0.7196,0.4851,997.0138333333333,53.8,1630175.0,MIL,3700000.0,4.655004290025506
Collin Gillespie,PHX,15.305407299959814,5.076919072279848,5.615702255697919,1.6880291532835778,0.2432972617854972,8.95588747030384,0.43079999999999996,0.4094,0.8296,0.5451999999999999,1324.3393333333333,54.7,1631221.0,PHX,12000000.0,1.2754506083299846
Collin Murray-Boyles,TOR,13.988439306358382,8.23699421965318,3.063583815028902,1.5028901734104045,1.531791907514451,6.705202312138729,0.579,0.34,0.657,0.561,1245.6,57.0,1642867.0,TOR,6649560.0,2.1036638975147803
Cooper Flagg,DAL,22.62423425761654,7.157429167718471,4.853535658796217,1.2901803649964625,0.9829945638068286,-6.942399106885727,0.468,0.295,0.827,0.317,2343.858333333333,70.0,1642843.0,DAL,14517480.0,1.5584133236358195
Corey Kispert,ATL,17.35047721651346,4.20496907813508,2.7752451356996923,0.5883650916019806,0.30018598300942523,-6.230971943243464,0.466,0.36929999999999996,0.7978000000000001,0.3831,1433.7473333333332,63.3,1630557.0,ATL,13975000.0,1.2415368312353103
Craig Porter Jr.,CLE,11.64860483369571,6.068876225898334,6.0175736328339555,1.4845480909844475,1.077939780560579,23.935597068730583,0.481,0.37949999999999995,0.6620999999999999,0.6679999999999999,857.6813333333333,57.5,1641854.0,CLE,2406205.0,4.841069166465746
DaRon Holmes II,DEN,15.98014414586416,6.014032743067157,2.7492721111164147,0.17182950694477592,1.0309770416686554,72.51205193069543,0.508,0.444,0.786,0.659,209.51,25.0,1641747.0,DEN,,
Daeqwon Plowden,SAC,14.666585080365797,4.135635909289192,1.7480522915552257,0.9806147001407363,0.29844795221674586,-34.961045831104514,0.43,0.333,0.857,0.268,844.3683333333333,32.0,1631342.0,SAC,,
Dalen Terry,PHI,11.219691340133892,5.361117853829425,4.0739344559635855,1.7142787343042794,0.84448796885839,-3.1384579106618036,0.4417,0.3348,0.5957,0.5125,707.8088333333333,57.7,1631207.0,PHI,0.0,
Dalton Knecht,LAL,15.658268632577274,5.004007673144921,1.45100851173658,0.6645140112992809,0.5199158569340567,6.763449036074289,0.45725,0.35474999999999995,0.7401249999999999,0.6325,905.7533333333333,62.99999999999999,1642261.0,LAL,4201080.0,3.72720077517621
Daniel Gafford,DAL,17.30156283544234,11.344294987119843,2.035087736519128,1.0934707917564133,2.5454393800563926,-6.956526330608436,0.6831,0.0,0.683,0.4233,1327.9186666666667,59.4,1629655.0,DAL,17263584.0,1.0021999392155383
Daniss Jenkins,DET,16.598639455782312,4.106369820655535,6.876932591218306,1.583178726035869,0.3710575139146568,16.549165120593692,0.408,0.374,0.832,0.732,1455.3,72.0,1642450.0,DET,4000000.0,4.149659863945578
Danny Wolf,BKN,15.404810072203029,8.52116462655325,3.851202518050757,0.9097328782797064,0.9703817368316868,-24.835707577035983,0.405,0.322,0.771,0.244,1187.1616666666666,57.0,1642874.0,BKN,2941440.0,5.237166174459798
Darius Garland,LAC,22.45697613572209,3.013141191437211,7.818772816478518,1.283292047730786,0.1852758909689782,5.666193189482672,0.4608,0.3925,0.8607,0.607,1742.4569999999999,56.4,1629636.0,LAC,42166510.0,0.5325784878976726
Davion Mitchell,MIA,11.495920217232246,3.1936327715208472,6.886485805948709,1.1066453696778327,0.20384008689269456,2.89889917807628,0.4758,0.3891,0.6728000000000001,0.5095000000000001,1828.5415,71.6,1630558.0,MIA,12400000.0,0.9270903400993746
Day'Ron Sharpe,BKN,16.350566888760483,13.378989669529053,3.997991705168813,1.7153964167689024,1.2474682452208374,-21.501676476955318,0.571,0.24209999999999998,0.6880999999999999,0.29510000000000003,1036.31,58.2,1630549.0,BKN,6250000.0,2.616090702201677
De'Aaron Fox,SAS,23.133584289741492,4.535117683742825,6.611209897414691,1.562774088652208,0.35771340455802925,4.792394553888271,0.4749,0.3328,0.7757000000000001,0.6147,2319.626166666667,69.4,1628368.0,SAS,49800000.0,0.46452980501488944
De'Andre Hunter,SAC,19.986509240652214,5.385044518883747,2.321796802653864,0.9410434299017362,0.24109263098592693,-8.469394090063876,0.4403,0.351,0.8567,0.4558,1445.9665,53.1,1629631.0,SAC,24910714.0,0.8023258281818906
De'Anthony Melton,GSW,17.98841784726749,5.027824437177701,4.002328292379777,2.362670728956456,0.6178578321314245,1.4616119974506971,0.401,0.31285714285714283,0.8285714285714285,0.48585714285714293,1096.1352380952383,45.85714285714286,1629001.0,GSW,3451779.0,5.2113469162618715
DeMar DeRozan,SAC,21.861208996265418,3.6731137755985257,4.713410025798231,1.0573918053278373,0.4053904921989314,-6.267994691921618,0.4876,0.325,0.8616999999999999,0.37560000000000004,2630.7556666666665,77.4,201942.0,SAC,25740000.0,0.8493088188137303
Deni Avdija,POR,22.68598143728036,8.047110237060561,5.934134047957876,0.9604449677512252,0.6253162223069859,-3.846991886362494,0.475,0.34330000000000005,0.783,0.4243,2199.3656666666666,69.6,1630166.0,POR,13125000.0,1.7284557285546942
Dennis Schröder,CLE,16.30036122408957,3.7330292168321297,7.104850720833564,1.1047475662593227,0.22753574002071247,3.6900671989037166,0.4113,0.34210000000000007,0.8355999999999999,0.5561,1976.7716666666665,73.5,203471.0,CLE,14809200.0,1.1006915447214953
Derik Queen,NOP,16.866826794769146,10.177030513299528,5.302019393292412,1.494528956498532,1.3166088426296592,-6.565252201761409,0.473,0.261,0.795,0.317,2023.38,81.0,1642852.0,NOP,5416080.0,3.1142130091817597
Derrick Jones Jr.,LAC,13.878148327309969,4.833305953046637,1.569117198046119,1.2696885854873396,1.0631146718307196,4.1736264275222865,0.5039,0.3549,0.735,0.5609999999999999,1593.342,63.3,1627884.0,LAC,10476190.0,1.3247324005492425
Derrick White,BOS,17.27281253257889,4.693020227058339,5.493848292933296,1.1293545617054477,1.2708100386392291,10.273944648089397,0.4218,0.3579,0.8829,0.7207,2560.7598333333335,75.9,1628401.0,BOS,30348000.0,0.569158182831781
Desmond Bane,ORL,22.230806183525758,5.177823126054401,5.162403439847586,1.168046751366573,0.4885623390797539,-2.5736918183846407,0.48,0.3893,0.8962000000000001,0.4903,2328.1596666666665,70.1,1630217.0,ORL,39446090.0,0.5635743918732061
Devin Booker,PHX,26.8361995443587,4.164659269438982,6.670103430062509,0.8660911379975671,0.29517190005167826,0.7943968485011059,0.4647,0.33740000000000003,0.8819,0.5258,2401.0363333333335,68.1,1626164.0,PHX,57078728.0,0.4701611350617116
Devin Vassell,SAS,18.11341932615548,4.593329884656965,3.3543477833168494,1.19318056630392,0.47351641782971865,3.0615282817882923,0.4458,0.3768,0.8053,0.5561,2066.62,66.3,1630170.0,SAS,27000000.0,0.6708673824502029
Dillon Brooks,PHX,19.684528228084147,4.186417551580805,2.0108689863992835,1.0812343244733693,0.19989361537139702,3.2400648949403132,0.43179999999999996,0.3629,0.8351999999999999,0.5647,2012.6178333333332,64.9,1628415.0,PHX,19992727.0,0.9845844555414651
Dominick Barlow,PHI,12.54352436410531,8.01175714601691,2.092462278459769,1.136735712481301,1.2660575782011032,-11.968314932484374,0.528,0.2723,0.6878,0.47450000000000003,1040.6666666666667,52.6,1631230.0,PHI,3415000.0,3.6730671637204417
Donovan Clingan,POR,14.484375496232472,14.961127893328507,2.5263221642783615,0.819631568658414,2.518993982181746,-2.746510206324383,0.527125,0.32037499999999997,0.6485,0.484625,1804.8891666666668,73.24999999999999,1642270.0,POR,7519920.0,1.9261342535868031
Donovan Mitchell,CLE,28.65496245618271,5.024426698465317,6.005909333335653,1.633299791118405,0.3471557782861779,7.107681301961371,0.4668,0.366,0.8524,0.6679999999999999,2229.1716666666666,67.3,1628378.0,CLE,50105628.0,0.5718910948722707
Donte DiVincenzo,MIN,15.920417228481977,4.864440039873672,4.431188923109764,1.5679673055292818,0.46953781289826924,5.889280275845135,0.4182,0.38880000000000003,0.7557,0.6004,2200.817,75.8,1628978.0,MIN,12535000.0,1.27007716222433
Doug McDermott,SAC,14.162271916650257,2.6815073546501162,1.680148051463004,0.49971338315447644,0.2430781155155601,-30.383752872079818,0.4087,0.4078,0.7403,0.395,502.9903333333333,39.9,203926.0,SAC,0.0,
Drake Powell,BKN,11.13137671969969,3.02838925462418,2.482733533070274,0.9821802987970314,0.3819590050877344,-22.344601797632464,0.402,0.28,0.896,0.244,1319.513333333333,63.0,1642962.0,BKN,3540600.0,3.143923832034031
Draymond Green,GSW,11.122975933178346,7.789174507753794,7.311109971579198,1.3923538381537082,1.012786299118675,2.0666399314970914,0.4356,0.3395,0.7031,0.5132,1827.4728333333333,65.4,203110.0,GSW,27678571.0,0.40186236251786067
Drew Eubanks,SAC,13.526270030478196,9.394819841187948,1.7891431706018976,0.8289534712372604,1.7878158493788066,-19.64951021453832,0.5961,0.4215,0.6339000000000001,0.4366,733.679,54.3,1629234.0,SAC,0.0,
Drew Timme,LAL,14.088720940949598,5.0535629462101825,3.5221802352373994,0.9188296265836694,0.0,22.051911038008065,0.576,0.44,0.556,0.646,235.08166666666668,27.0,1631166.0,LAL,0.0,
Dru Smith,MIA,12.459385062464861,5.456895229889673,5.677694458844747,3.1542746993581923,0.6623976868652204,6.024664675774148,0.415,0.295,0.829,0.524,1141.3083333333334,70.0,1630696.0,MIA,2584539.0,4.820737881094021
Duncan Robinson,DET,16.246308715022806,3.4099892758744064,3.1443884855744093,0.7905479646617461,0.28414585795079506,6.52092963789856,0.44910000000000005,0.40190000000000003,0.8214,0.6135,1973.3473333333334,74.3,1629130.0,DET,15992957.0,1.015841455399574
Duop Reath,POR,14.67609954538874,6.248602957537578,1.6927179600143716,0.8203870688407021,1.1052163771324715,-11.675354067940388,0.44179999999999997,0.3771,0.8376,0.43889999999999996,512.736,43.4,1641871.0,POR,0.0,
Dwight Powell,DAL,8.205301106706784,9.270794570388382,3.1548624868196224,1.2534279603948684,1.0018574489706447,-9.358976475497428,0.6645,0.3296,0.6849,0.4233,784.7245,60.6,203939.0,DAL,0.0,
Dylan Cardwell,SAC,9.451337781266837,13.184219089834409,2.4621132035232933,1.191345098479013,2.660670719936462,-32.56343269175969,0.587,0.5,0.51,0.268,906.5383333333332,44.0,1642928.0,SAC,,
Dylan Harper,SAS,18.786145100313018,5.407082353595628,6.146512419044603,1.247788235445145,0.5545725490867311,15.735996080335994,0.505,0.343,0.756,0.756,1557.9566666666667,69.0,1642844.0,SAS,12989040.0,1.4463074330599504
Dyson Daniels,ATL,12.820094927425236,6.85172178584093,5.475647014761858,2.4768653295566834,0.5849888705567036,2.942456013786825,0.4958,0.2582,0.6138,0.5465,2302.826,73.0,1630700.0,ATL,25000000.0,0.5128037970970094
E.J. Liddell,BKN,15.155073169334745,7.113605773361207,2.47429766029955,0.6185744150748875,1.030957358458146,-84.43540765772217,0.486,0.346,0.808,0.244,349.19,26.0,1630604.0,BKN,706898.0,21.43884007216705
Egor Dëmin,BKN,14.749944262190656,4.54056120011466,4.760709621938402,1.155779214574641,0.4678153963754499,-22.537694684205498,0.399,0.385,0.831,0.244,1308.2083333333333,52.0,1642856.0,BKN,,
Elijah Harkless,UTA,11.761826680697975,3.5021169330168127,4.955825848608697,2.0484080174249284,0.3964660678886958,-45.65967548518146,0.335,0.239,0.766,0.268,544.8133333333334,26.0,1641989.0,UTA,,
Ethan Thompson,IND,12.2896675247934,3.8026325525145497,3.1413051520772366,1.1022123340621883,0.4959955503279847,-36.09745394053667,0.378,0.328,0.787,0.232,653.2316666666667,32.0,1630679.0,IND,,
Evan Mobley,CLE,20.488200812896448,10.569123820131784,3.9089435594790247,0.9320455550155122,1.8821717561765476,7.752882368157439,0.5561,0.33409999999999995,0.6643,0.6679999999999999,1993.5806666666665,63.8,1630596.0,CLE,50105628.0,0.4089001900723896
Franz Wagner,ORL,24.458966695818372,6.1257143409083366,4.340609446040168,1.1996975780113601,0.3926503081122297,1.376500359607021,0.4758,0.3172,0.8428,0.5391,1583.9769999999999,49.4,1630532.0,ORL,41754690.0,0.585777710140307
GG Jackson,MEM,19.48724571118278,6.902443924979389,2.265343173603397,0.9198504694509146,0.9303331809872177,-1.51341897776594,0.4452,0.3385,0.7389,0.39380000000000004,973.1,45.8,1641713.0,MEM,,
Gabe Vincent,ATL,9.978534388637101,2.1953477895157136,2.8114735233359953,1.1418705469432993,0.19169626175457133,5.951740804488607,0.36999999999999994,0.3455,0.8115,0.579375,1122.1483333333333,60.12499999999999,1629216.0,ATL,0.0,
Garrett Temple,TOR,8.913843025100125,4.724315258899619,4.395675443003613,2.0960119872546827,0.6636346299302285,27.325345121311372,0.2979,0.24919999999999998,0.7722,0.45130000000000003,162.24949999999998,24.8,202066.0,TOR,0.0,
Gary Payton II,GSW,15.820459336611583,7.527434496112165,3.4133448895450664,2.0744948897394364,0.7195538941300771,4.698029519299614,0.5763,0.3161,0.6601,0.5132,985.2729999999999,63.9,1627780.0,GSW,0.0,
Gary Trent Jr.,MIL,15.130904599829314,2.5128262361813087,1.9584206700595388,1.1331022598619904,0.09813657806570224,-7.40073473644627,0.40800000000000003,0.38339999999999996,0.7930999999999999,0.4315,1655.429,68.9,1629018.0,MIL,3881960.0,3.8977487145228995
Goga Bitadze,ORL,13.076753331644206,11.575514676374112,3.1849234084793396,1.2961203339871226,2.4116842159809204,2.1361931703283914,0.6419,0.1517,0.6781999999999999,0.5391,1106.2591666666667,65.4,1629048.0,ORL,7608696.0,1.7186589307345443
Grant Williams,CHA,12.894814440424136,6.668282448025716,2.86444099307566,0.8269551949991897,0.8389486573936675,10.255578713593811,0.4345714285714286,0.38428571428571434,0.7984285714285714,0.4567142857142858,1116.6266666666668,47.42857142857144,1629684.0,CHA,14265750.0,0.9039002113750862
Guerschon Yabusele,CHI,13.805692420726498,8.042482252252471,2.4620673646248665,0.9941508151152447,0.5284774169726284,-13.181053480022985,0.4385,0.36249999999999993,0.740625,0.34612499999999996,1339.9366666666667,68.125,1627824.0,CHI,,
Gui Santos,GSW,14.355312189971754,7.707324612538727,3.710400706225315,1.2913740433560372,0.5005829110234277,11.271195285063612,0.48919999999999997,0.3485,0.7577,0.5132,964.5566666666666,55.400000000000006,1630611.0,GSW,4629630.0,3.100747184974124
Harrison Barnes,SAS,14.852165266402466,4.184356683948904,2.299091340602195,0.8052390541286101,0.21282534322815153,5.508678457722565,0.4752,0.4013,0.8174,0.6147,2138.4304999999995,79.5,203084.0,SAS,8000000.0,1.8565206583003082
Herbert Jones,NOP,11.632775852369347,4.296489354991394,3.456824259776023,1.9394443909862153,0.6482367336222319,-15.939573691738318,0.4219,0.32989999999999997,0.8239,0.3549,1452.9160000000002,49.2,1630529.0,NOP,14898786.0,0.7807868273542118
Hugo González,BOS,9.598405801112618,8.170269297832885,1.3284990728183552,1.3949240264592733,0.6974620132296366,20.957072873709553,0.476,0.362,0.5,0.683,1083.93,74.0,1642864.0,BOS,2923560.0,3.2831225632833316
Hunter Tyson,DEN,10.916070109076479,7.636016176902989,3.037679192664978,0.615504204115071,0.3415075873238913,69.41531295623679,0.30874999999999997,0.24912499999999996,0.8099999999999998,0.6406249999999999,251.16312499999998,32.24999999999999,1641816.0,DEN,0.0,
Immanuel Quickley,TOR,20.106482703577655,4.591025589897153,6.795875345410966,1.1941558799076868,0.12367244099168968,-4.185580755757485,0.4343,0.3794,0.8412,0.45130000000000003,1788.0475,58.5,1630193.0,TOR,32500000.0,0.6186610062639278
Isaac Okoro,CHI,12.12652168081621,3.956349228948782,2.262958546646259,1.0341505887224003,0.6017813051952499,4.239619007331016,0.4672,0.35450000000000004,0.7484,0.54,1540.8173333333334,61.8,1630171.0,CHI,11814814.0,1.026382783581376
Isaiah Collier,UTA,14.719308898244291,3.9499253865420414,9.54809881989203,1.4634317072088436,0.4141020721093123,-15.87222554014172,0.46762499999999996,0.262125,0.707,0.24512499999999998,1637.74,63.49999999999999,1642268.0,UTA,2763960.0,5.325442082462948
Isaiah Hartenstein,OKC,13.373983114434207,13.53847485863008,4.82866179646629,1.4092468309005395,1.313660417872303,23.05948930260888,0.6141,0.0666,0.6489,0.7606999999999999,1424.8746666666666,55.599999999999994,1628392.0,OKC,28500000.0,0.4692625654187441
Isaiah Jackson,LAC,15.584827777436022,11.3853829398384,2.1392384372918416,1.472800524979232,2.2010747728022118,5.96842541666208,0.645,0.0,0.6674285714285715,0.5294285714285715,869.052619047619,56.42857142857143,1630543.0,LAC,7000000.0,2.226403968205146
Isaiah Livers,PHX,7.309844491479702,5.567500004835222,2.1023988278073267,1.2472251492279878,0.7017852863879442,-7.485400472941752,0.3442857142857143,0.296,0.7262857142857143,0.44100000000000006,382.2276190476191,32.28571428571429,1630587.0,PHX,,
Ivica Zubac,IND,17.12401643714628,13.001520309417884,2.5603072957688084,0.538587197095217,1.2011139916882518,-5.49811201630704,0.6172,0.0,0.6983999999999999,0.4234,1869.4918333333333,61.6,1627826.0,IND,20342140.0,0.8418001467469146
JD Davison,HOU,11.372758489126289,5.603967951163678,5.7687905379626105,0.9889355207935904,0.9889355207935904,70.54406714994278,0.375,0.25,0.684,0.634,218.41666666666663,28.0,1631120.0,HOU,0.0,
Ja'Kobe Walter,TOR,13.754819197495207,4.782641327725418,2.30430897754925,1.6408159996251817,0.33613324290004676,-0.7649271519308931,0.43062500000000004,0.38649999999999995,0.79125,0.487875,1334.6975,64.5,1642266.0,TOR,3811800.0,3.6084839701703153
Jabari Smith Jr.,HOU,15.579212055555168,7.861298950758851,1.688586897420453,0.6844396300519531,0.9116997544322079,5.450203385028923,0.4467,0.36029999999999995,0.7971999999999999,0.6072,2352.125,70.8,1631095.0,HOU,23643411.0,0.6589240467695278
Jabari Walker,PHI,13.735954281560753,9.729998579310864,1.637497683046352,1.1970956955381273,0.48686169048429623,-7.005062176003399,0.474,0.3442,0.7253000000000001,0.45740000000000003,945.6983333333333,64.4,1631133.0,PHI,2584539.0,5.314663188120107
Jaden Ivey,CHI,18.683814609269387,4.7922952056553605,4.218390327522688,1.1394864206591588,0.641389670568774,-12.016637323307508,0.44630000000000003,0.3764,0.7742,0.3843,1048.0328333333332,42.9,1631093.0,CHI,,
Jaden McDaniels,MIN,15.143024464621048,5.116454357321351,2.5650899858715714,1.2992665119980658,1.0165736864095938,5.639630883155613,0.49839999999999995,0.37239999999999995,0.8058,0.615,2363.6203333333333,75.5,1630183.0,MIN,26200001.0,0.5779780109405739
Jae'Sean Tate,HOU,11.039479081812324,6.770382573722703,2.421721335499891,1.2153875732471495,0.36667814902984197,26.47207154314885,0.4933,0.3207,0.6557,0.6072,585.086,51.6,1630256.0,HOU,3070000.0,3.595921525020301
Jahmai Mashack,MEM,10.268116892924082,4.331861814202347,3.6901045083945916,1.9787516929072448,0.7487168567757142,-26.36552931360194,0.395,0.253,0.543,0.305,673.1516666666666,31.0,1642942.0,MEM,,
Jake LaRavia,LAL,12.938575212074355,6.0636811590058635,3.0491648898000063,1.663556320299576,0.6231561613847701,-3.5608861188338414,0.4498,0.3554,0.7501,0.5352,1596.629,67.8,1631222.0,LAL,6000000.0,2.1564292020123923
Jakob Poeltl,TOR,16.031233179530652,10.905807443779604,3.162289255772461,1.240476188577332,1.3709771464875364,-1.502812688940176,0.6693,0.0999,0.6134,0.45130000000000003,1344.0761666666665,50.099999999999994,1627751.0,TOR,19500000.0,0.8221145220272129
Jalen Brunson,NYK,27.16824314325043,3.328728038784755,7.096409133221959,0.862686667719548,0.12748846126064575,6.17746540763329,0.4757,0.3796,0.8361999999999999,0.6315999999999999,2530.3765000000003,71.9,1628973.0,NYK,37739521.0,0.7198883934761765
Jalen Duren,DET,20.717169837270614,13.871896926936993,2.9626085063915655,0.9397309239576895,1.2005423300762192,3.8972304852052,0.6564,0.0,0.7322,0.5613,1953.4874999999997,70.6,1631105.0,DET,0.0,
Jalen Green,PHX,23.698459739546216,5.201128014011308,3.912111500830907,1.205816898812306,0.3594578098489446,4.343891870662439,0.4225,0.32909999999999995,0.7782,0.5647,1743.5718333333334,57.0,1630224.0,PHX,36251166.0,0.6537295859544551
Jalen Johnson,ATL,20.659738290533813,10.1408680654704,6.320350913485434,1.3591556728313465,0.7023308495262126,-0.05664200313866341,0.4967,0.3406,0.7634000000000001,0.5147,2028.826,58.0,1630552.0,ATL,30000000.0,0.6886579430177938
Jalen Pickett,DEN,11.52831044770349,4.523078904088057,5.542848147411324,0.8346458741093605,0.19265402825712577,40.07047923376706,0.4252,0.38380000000000003,0.7695000000000001,0.6515,627.4546666666666,45.1,1629618.0,DEN,2406205.0,4.791075759423445
Jalen Smith,CHI,18.904831106269867,12.158160259807527,2.230946467433465,0.7021043857347736,1.4453520142934928,-6.733309833738299,0.4997,0.3685,0.7521,0.44639999999999996,1045.7341666666666,57.9,1630188.0,CHI,9428571.0,2.005057935743377
Jalen Suggs,ORL,18.453201836213367,4.8500309181508285,5.68778154716468,2.1275077377028486,0.9802310156913969,1.0774318380871777,0.4347,0.3431,0.8432999999999999,0.5391,1492.4389999999999,54.0,1630591.0,ORL,32400000.0,0.5695432665497953
Jalen Williams,OKC,22.409443705133224,5.637290770536454,6.232864204019766,1.5450435286798059,0.5409090550146993,24.64048513616595,0.4952,0.34440000000000004,0.818,0.7777,1583.7033333333334,51.4,1631114.0,OKC,41500000.0,0.5399865953044151
Jalen Wilson,BKN,13.486288402172923,5.243015356202598,2.3059193447508797,0.7927256298635752,0.11181967801611735,-22.824750310245214,0.4021,0.34340000000000004,0.7701,0.29510000000000003,1171.9341666666667,59.3,1630592.0,BKN,0.0,
Jamal Cain,ORL,14.877480632734471,5.746704839916449,1.8255349763338398,1.180347458752874,0.4808080776688122,-10.70923845909715,0.4585,0.3605,0.7846,0.4635,445.342,36.3,1631288.0,ORL,,
Jamal Murray,DEN,24.17851711894702,4.341584930120181,6.916469591431431,1.0748582121475434,0.4950706593068336,5.956139188405936,0.4799,0.4204,0.8799,0.6515,2423.7238333333335,69.4,1627750.0,DEN,50105628.0,0.48255092459767235
Jamal Shead,TOR,11.525861486118444,2.795495937112782,8.301796778910457,1.4570133362094435,0.274247491254215,-0.4214384258390452,0.38125,0.32175,0.778,0.487875,1707.708333333333,79.375,1642347.0,TOR,2296271.0,5.01938207037342
Jamaree Bouyea,PHX,14.700531784129286,4.583435765393921,4.583435765393921,1.6209711853222406,0.8943289298329604,6.707466973747203,0.458,0.295,0.686,0.549,644.0583333333333,46.0,1631123.0,PHX,,
James Harden,CLE,22.647422502217758,5.3217612913421375,8.561863725956242,1.2645621198324415,0.5858377834916573,4.75105521749046,0.4256,0.36929999999999996,0.8797999999999999,0.6244000000000001,2549.8921666666665,73.1,201935.0,CLE,42317307.0,0.5351810903802966
Jamir Watkins,WAS,12.835012094182844,6.766283549650738,2.3368092671474194,1.8833985138203084,0.8719437563982909,-34.24995075132487,0.446,0.297,0.695,0.207,1032.1766666666667,50.0,1642364.0,WAS,,
Jamison Battle,TOR,13.789662777474136,5.922626024562769,1.7318077564652834,0.5250903718622139,0.26021547967564707,5.539173770804606,0.47962499999999997,0.409375,0.7352500000000001,0.487875,713.6158333333333,60.25,1642419.0,TOR,2296271.0,6.005241880193643
Jarace Walker,IND,14.879665944966652,7.019677319216823,3.6164064196569456,1.3892632660133208,0.6997728514961583,0.9174235861202957,0.43289999999999995,0.3885,0.7524,0.41359999999999997,1400.7623333333331,67.1,1641716.0,IND,8478542.0,1.7549793283994646
Jared McCain,OKC,18.85623974077514,3.9355679950292477,3.114916351591206,1.0212556759978302,0.09701063524001148,6.07657024311609,0.43812500000000004,0.38425,0.8681249999999999,0.597375,946.7135416666667,50.49999999999999,1642272.0,OKC,4422600.0,4.263609582773739
Jaren Jackson Jr.,UTA,24.587614659049663,6.6435880190864065,2.4094143044468614,1.3772058308927448,1.7660861357649993,-8.548454200398027,0.4732,0.355,0.7974000000000001,0.3753,1814.2456666666667,59.4,1628991.0,UTA,49000000.0,0.5017880542663197
Jarred Vanderbilt,LAL,9.188101136334133,9.754058060318632,2.5489984281766955,1.9745674209263524,0.5511295854482023,4.764697772224981,0.4855,0.29000000000000004,0.5947,0.6206,854.3756666666666,49.1,1629020.0,LAL,12428571.0,0.7392725307144428
Jarrett Allen,CLE,19.1256425919991,11.78477318621389,2.54723381466408,1.1701412045279354,1.1390877869205427,8.255182081058578,0.6576,0.05,0.7182999999999999,0.6679999999999999,1936.7883333333332,68.0,1628386.0,CLE,28000000.0,0.6830586639999678
Jase Richardson,ORL,14.663867813855457,3.865371013694116,3.5585955364168056,1.165746813653781,0.12271019091092433,3.1904649636840325,0.473,0.354,0.717,0.549,586.7483333333333,54.0,1642859.0,ORL,3132360.0,4.681412038799965
Javon Small,MEM,17.17780076112824,5.55242044804145,6.550120997298899,1.4748616815110103,0.3904045627529145,-21.38549438190965,0.465,0.423,0.829,0.305,829.9083333333333,41.0,1642914.0,MEM,,
Javonte Green,DET,12.578230453659966,5.918670695572539,1.4724259183961455,2.284807202071405,0.721729448204094,18.803030848834894,0.4402499999999999,0.360375,0.7965,0.7499999999999999,1375.4135416666663,76.75,1629750.0,DET,3943679.0,3.1894660933762524
Jay Huff,IND,17.893350655884497,6.86035460588848,2.107417460726535,0.9522060773421792,2.8483012185074053,61.80194274398131,0.5125,0.3476,0.8498,0.4305,1093.8961666666664,64.2,1630643.0,IND,2667944.0,6.706793941658632
Jaylen Clark,MIN,11.18580512975416,4.412263837227901,1.762313523184376,2.1223227383685237,0.2798415492449846,17.57381774805069,0.44637499999999997,0.366,0.704625,0.5979999999999999,750.5620833333332,57.5,1641740.0,MIN,3086420.0,3.6242005721043022
Jaylen Wells,MEM,16.126956569044815,4.489329348313053,2.263629326401272,1.0445354634717379,0.16407549823460918,-3.463296133079522,0.42874999999999996,0.3526249999999999,0.79825,0.4099999999999999,1904.2066666666665,72.75,1642377.0,MEM,2296271.0,7.023106841067459
Jaylin Williams,OKC,12.65370538047314,10.532023667211957,4.762381853142997,0.9646358426379,1.2080357987811938,32.292239650258686,0.4266,0.38480000000000003,0.7876000000000001,0.7777,1053.2933333333333,60.4,1631119.0,OKC,7774648.0,1.6275599075962204
Jaylon Tyson,CLE,16.015338866969067,7.139700925187564,3.17215101394669,1.0710021436767527,0.44384557167974165,27.57255653131582,0.469375,0.408125,0.75825,0.6887499999999999,1280.787083333333,58.875,1642281.0,CLE,3658560.0,4.377497940984723
Jeff Green,HOU,14.387532613822447,5.134473676381297,1.7540762016302387,0.45749999048725365,0.4856265878069167,54.655242932767294,0.4264,0.3128,0.9062,0.6072,467.80999999999995,40.2,201145.0,HOU,0.0,
Jeremiah Fears,NOP,19.92704842866861,5.113870426518891,4.755899496662568,1.653484771241108,0.5113870426518891,-6.290060624618236,0.434,0.33,0.789,0.317,2111.903333333333,82.0,1642847.0,NOP,7896240.0,2.523612305181784
Jeremiah Robinson-Earl,DAL,11.161983710614358,9.523989272162583,1.9681233936571356,1.0045783962273458,0.1970833318657609,-21.503736968749674,0.4163,0.2909,0.8728,0.3549,618.8401666666666,38.6,1630526.0,DAL,,
Jericho Sims,MIL,7.371441640391301,10.234126695837382,2.29291651405672,0.5291050388549998,0.7912037007780146,1.150231387859546,0.7204,0.0,0.6279,0.4925,965.2476666666666,58.4,1630579.0,MIL,2801346.0,2.631392780610214
Jett Howard,ORL,14.881277445775195,4.163119615292851,2.30339606347414,0.5739105592033786,0.5677592154888537,1.4901257528074585,0.40149999999999997,0.34349999999999997,0.854125,0.5306249999999999,697.4899999999999,56.875,1641724.0,ORL,7337939.0,2.0279914354391875
Jevon Carter,ORL,14.75016911057186,3.591155664318749,3.8272654301103506,1.5334362665797725,0.42336224397277394,-4.079789754542285,0.3892,0.3472,0.7486999999999999,0.5125,730.6131666666668,51.7,1628975.0,ORL,3506659.0,4.206331186058256
Jimmy Butler III,GSW,21.932410808094506,6.16608509543706,5.711890764382704,1.5925869478740788,0.2931318657676504,1.4831827792421772,0.5105,0.36319999999999997,0.8562000000000001,0.5132,1523.0905,47.5,202710.0,GSW,,
Joan Beringer,MIN,17.877853766202072,10.543349656990966,1.3752195204770825,0.8022113869449646,2.979642294367012,31.515447344266473,0.663,0.0,0.703,0.598,314.13166666666666,40.0,1642866.0,MIN,4411200.0,4.052832282871344
Jock Landale,ATL,15.485060225284442,9.20641336895659,2.7865934452701193,0.8877072846167584,0.9574616345597695,11.225669406201275,0.5204,0.3684,0.68,0.5707,1055.7373333333333,57.8,1629111.0,ATL,14100000.0,1.098231221651379
Joe Ingles,MIN,9.509174936976244,4.449181096772598,7.5120433046608,1.894027665423924,0.3808130234217898,47.773377803252615,0.5481428571428572,0.43714285714285717,0.9497142857142858,0.5908571428571429,443.0721428571429,38.714285714285715,204060.0,MIN,,
Joel Embiid,PHI,32.49537426250686,9.653080342911048,4.932922129297084,0.8111118256002957,1.503650454903268,1.642606848797645,0.5004285714285714,0.34871428571428575,0.8622857142857143,0.5558571428571429,1231.705,38.28571428571429,203954.0,PHI,58100000.0,0.5593007618331645
John Konchar,UTA,7.613373980093891,8.373697642890154,3.392925258175249,2.2336023831456027,1.197380737171231,-6.979801218553827,0.45589999999999997,0.3162,0.794,0.3753,959.52,52.8,1629723.0,UTA,6165000.0,1.234934952164459
Johnny Furphy,IND,9.962141723734009,7.879080116115064,2.1104574576520516,1.3401082653391705,0.6362330373144228,-16.40806716128051,0.43624999999999997,0.315,0.6104999999999999,0.37374999999999997,544.2195833333333,40.625,1642277.0,IND,2296271.0,4.338399833353297
Johnny Juzang,MIN,16.470678463795025,5.751310570378928,2.2552362198930496,0.8196563589431066,0.31201981142228685,42.163206490380965,0.43199999999999994,0.321,0.71,0.4367,499.1588333333333,33.7,1630548.0,MIN,,
Jonas Valančiūnas,DEN,21.43970326445283,13.939534478944203,3.4213267714150786,0.6749858430605002,1.344976076420473,10.350872874645802,0.5678000000000001,0.2804,0.8067,0.5955,1277.6278333333332,73.2,202685.0,DEN,10000000.0,2.143970326445283
Jonathan Isaac,ORL,11.489370042945815,9.719318408746712,1.3927234772317298,1.634020671819747,2.4149407838206,3.0046182894819684,0.43720000000000003,0.2444,0.6501,0.5391,770.3731666666667,58.900000000000006,1628371.0,ORL,14500000.0,0.7923703477893665
Jonathan Kuminga,ATL,20.66795871681003,7.737657657188346,3.3826694594022677,1.038666897721261,0.5696056975576708,7.639971761239638,0.47350000000000003,0.32220000000000004,0.7116,0.5682,1148.375,46.9,1630228.0,ATL,24300000.0,0.8505332805271617
Jordan Clarkson,NYK,19.514756149977003,3.915374956137704,4.084574272426082,0.9196987155661497,0.25328440565417165,-3.0100558079351316,0.4305,0.33089999999999997,0.8303,0.4607,1264.9401666666668,58.1,203903.0,NYK,3900000.0,5.003783628199232
Jordan Goodwin,PHX,12.688629032081582,7.859879957144756,3.622315172354113,2.138409409271725,0.5020380348915963,-0.5497396871892124,0.41169999999999995,0.3597,0.7425999999999999,0.5233000000000001,1159.8148333333334,55.1,1630692.0,PHX,6333333.0,2.0034678473532948
Jordan Hawkins,NOP,14.901960505194921,4.4994994373084625,2.0665861767706906,0.7013962097568988,0.4916621312770724,-13.674989702243128,0.371,0.3465,0.8384,0.3549,974.2535,55.7,1641722.0,NOP,7021895.0,2.1222135200248538
Jordan McLaughlin,SAS,11.298698737881525,3.9042285629079663,5.446362668441923,2.230646200408745,0.24269372045844068,41.84402690539892,0.43489999999999995,0.43079999999999996,0.8048,0.6391,360.31533333333334,47.0,1629162.0,SAS,3300000.0,3.423848102388341
Jordan Miller,LAC,15.038514150308918,4.953989982302338,3.401868584265295,1.3103033949270737,0.3474192233319735,13.849022898586876,0.49424999999999997,0.29474999999999996,0.785625,0.54875,985.6037499999999,51.375,1641757.0,LAC,2497812.0,6.020674954844046
Jordan Poole,NOP,21.777258855764714,3.231630878714993,4.983597798552203,1.1525125634573663,0.5117919690428286,-14.961787518450592,0.3982,0.3451,0.8703,0.2611,1535.9953333333333,55.5,1629673.0,NOP,34044642.0,0.6396677296757801
Jordan Walsh,BOS,9.504468552527445,7.361025215154258,1.6389712242386971,1.3116577688299076,0.9439925993064059,36.737765096517876,0.4535,0.34237500000000004,0.7011249999999999,0.7058749999999999,908.6075,62.0,1641775.0,BOS,2406205.0,3.9499828786522535
Jose Alvarado,NYK,14.057197293908384,4.217837721825057,5.940962473923774,1.8651931248766886,0.3208081453491514,3.2402826135300513,0.40800000000000003,0.3591,0.7584,0.5194,1300.5623333333333,62.5,1630631.0,NYK,4500000.0,3.12382162086853
Josh Giddey,CHI,18.298237085355012,9.385357963294688,9.083990768579838,1.1865337686003543,0.6678035778330309,-2.9161801039096105,0.4585,0.3628,0.777,0.47079999999999994,1902.9824999999998,64.0,1630581.0,CHI,25000000.0,0.7319294834142005
Josh Hart,NYK,13.09358107707501,8.931286778461452,5.431533859889616,1.3203324532101846,0.3153347470772367,6.938891846677819,0.4983,0.36839999999999995,0.751,0.6315999999999999,2407.190833333333,72.3,1628404.0,NYK,20923760.0,0.6257757246821322
Josh Minott,BKN,16.448040529392603,6.587222739208886,2.3267736555453338,1.930069225243093,1.3810011677846932,40.00441928049942,0.4911,0.38680000000000003,0.8334,0.438,518.034,44.7,1631169.0,BKN,2584539.0,6.364013284145685
Jrue Holiday,POR,16.621508572336637,5.522231979406786,6.135119846428813,1.1929071426996942,0.3916098547757327,6.936598376954486,0.4544,0.3807,0.8583000000000001,0.6352,1801.6769999999997,58.9,201950.0,POR,34800000.0,0.47762955667634016
Julian Champagnie,SAS,14.264400379577548,6.545304293562466,2.1345182613508413,1.0689192938001024,0.7035096416264546,1.5368631226638243,0.4246,0.3748,0.8562000000000001,0.5561,2006.1951666666664,80.4,1630577.0,SAS,3000000.0,4.75480012652585
Julian Phillips,MIN,11.40823304540567,4.494516397907871,1.0868152989288193,1.449099721812721,0.6436835079719208,7.726950594790914,0.4275,0.3153,0.765,0.5369999999999999,614.8898333333333,55.7,1641763.0,MIN,2406205.0,4.741172529109394
Julian Strawther,DEN,16.224237780484167,4.297955199316913,2.5441263159748404,1.0517145730668251,0.3427931711424147,17.00552063127139,0.4369,0.35760000000000003,0.7955999999999999,0.6515,954.4606666666666,58.0,1631124.0,DEN,4826931.0,3.361191154479765
Justin Champagnie,WAS,15.230108077986285,9.807231950911053,1.97633441988642,1.61832522141714,1.0951372695469899,-26.31250185297297,0.5053749999999999,0.34299999999999997,0.746875,0.21187499999999998,1363.6083333333333,66.37499999999999,1630551.0,WAS,2667944.0,5.7085561308581765
Justin Edwards,PHI,14.091850644089359,3.895039146649618,2.649029112275719,1.7696810959849467,0.44038009064748596,-6.319614316110239,0.44999999999999996,0.368625,0.7897499999999998,0.45299999999999996,1043.6564583333331,56.5,1642348.0,PHI,2411090.0,5.844597523978515
Jusuf Nurkić,UTA,14.904419559178141,14.007623159928036,5.468902417025088,1.5513244156080375,0.9883066140782366,-18.2050737285761,0.4966,0.3163,0.6017000000000001,0.3232,1275.9891666666667,51.0,203994.0,UTA,11000000.0,1.3549472326525582
KJ Simpson,DEN,12.468991255033973,4.979080963496885,5.551223945474808,1.942537973382661,0.0961900049480455,24.88238560907605,0.34412499999999996,0.28275,0.689375,0.498875,476.78749999999997,25.999999999999996,1642354.0,DEN,,
Kam Jones,IND,9.462540055976959,3.5046444651766517,6.9508781892670255,1.0513933395529955,0.0,-38.25903541151178,0.402,0.293,0.5,0.232,616.325,37.0,1642880.0,IND,2150917.0,4.399305066619008
Karl-Anthony Towns,NYK,24.003513973693067,12.67071707658057,3.3765838401735113,0.961451879744915,0.6704087828075548,7.345875121265732,0.5091,0.3932,0.8523000000000001,0.6462000000000001,2321.0198333333333,71.5,1626157.0,NYK,57078728.0,0.4205334424006973
Karlo Matković,NOP,14.236216093144824,9.220055071775635,2.019376133007179,0.9926121037671348,2.0327068670953263,-22.305767227100798,0.5927499999999999,0.383,0.7473749999999999,0.29412499999999997,866.3172916666667,54.5,1631255.0,NOP,2296271.0,6.199710788989986
Keaton Wallace,ATL,12.33342213070216,3.6976474595713915,6.127878020496997,1.7617215892818432,0.45232629551674575,5.806567594448504,0.399125,0.3565,0.7918749999999999,0.533625,522.93125,44.74999999999999,1630811.0,ATL,0.0,
Keegan Murray,SAC,14.442912374727449,6.2618574907578015,1.6722552951829501,1.0168328444207377,1.266655007871989,-18.05147624695074,0.43399999999999994,0.313,0.8041,0.39260000000000006,1697.3136666666667,49.7,1631099.0,SAC,24137936.0,0.5983491038640358
Keldon Johnson,SAS,19.76114271165806,7.655055065008289,2.4685544578946077,0.9012420743644046,0.30350153118042456,3.205752868428524,0.4949,0.34609999999999996,0.7873,0.5561,1914.804666666667,77.9,1629640.0,SAS,17500000.0,1.129208154951889
Kelly Olynyk,SAS,14.42013950153574,7.977301618677933,5.42063758703628,1.4525024427155668,0.5030305204146931,22.498559914182692,0.506,0.3303,0.7527999999999999,0.5158,799.1521666666666,49.8,203482.0,SAS,0.0,
Kenrich Williams,OKC,14.076097867353742,7.698702773609755,3.2393841597473534,1.3288091490910543,0.26366169206336415,33.56210761615022,0.475,0.3892,0.6329,0.7777,972.8445000000002,62.5,1629026.0,OKC,7163000.0,1.96511208534884
Kentavious Caldwell-Pope,PHI,12.569319419560177,3.4183176934390387,3.493647539292389,1.4746165182228959,0.41943524071645194,-4.98144798844751,0.42869999999999997,0.3418,0.8942,0.46699999999999997,1707.8415,63.8,203484.0,MEM,21621500.0,0.5813342931600571
Keon Ellis,CLE,11.816330436365952,3.7310785583451347,2.167171067651533,2.0564389739250615,1.1226127223303084,5.37086247665208,0.4589,0.3948,0.7678,0.5756000000000001,1519.4736666666663,71.4,1631165.0,CLE,9000000.0,1.3129256040406614
Keshad Johnson,MIA,17.5156368319689,7.985069732221117,1.0303315783511118,1.9318717094083346,1.0303315783511118,24.599166433132794,0.49,0.295,0.724,0.524,279.52166666666665,32.0,1642352.0,MIA,0.0,
Kevin Durant,HOU,25.938655873946427,5.760855190579971,4.587368637855958,0.8094498414331097,1.0520165132644237,2.1872956854164416,0.5226999999999999,0.4181,0.8599,0.5683,2657.4444999999996,72.6,201142.0,HOU,43902439.0,0.590824939679238
Kevin Huerter,DET,15.45178886282359,5.139777915417965,3.8368491318121123,1.3639853659510814,0.6374025660177943,7.609371812501738,0.4416,0.3276,0.7548999999999999,0.621,1590.6816666666664,68.0,1628989.0,DET,9000000.0,1.7168654292026213
Kevin Love,UTA,16.302677826597318,12.985619651611895,3.8087711924999494,1.1957016651699808,0.514061452332027,-17.199524646993183,0.3936,0.3627,0.7867,0.38150000000000006,566.6886666666667,36.4,201567.0,UTA,0.0,
Kevin McCullar Jr.,NYK,11.613402726999011,6.5035055271194455,4.645361090799604,2.090412490859822,0.0,120.54712030624972,0.426,0.333,0.4,0.646,154.99333333333334,21.0,1641755.0,NYK,,
Kevin Porter Jr.,MIL,18.817255221845087,6.065222853119834,7.327927799535496,2.218794163347059,0.4574320753139159,-7.2328043547489385,0.45899999999999996,0.31787499999999996,0.8371249999999999,0.46312499999999995,1343.8918749999998,51.875,1629645.0,MIL,5390700.0,3.4906886344714207
Keyonte George,UTA,22.078883675450484,4.052511475530579,6.458744393379062,0.9482849114592756,0.21210724488548824,-12.314823462281808,0.4235,0.3552,0.861,0.2717,1930.1119999999999,62.099999999999994,1641718.0,UTA,6563925.0,3.3636709248582948
Khaman Maluach,PHX,12.174441943920687,11.648926464326987,0.5255154795936987,0.4379295663280823,2.890335137765343,10.510309591873973,0.533,0.238,0.71,0.549,411.025,46.0,1642863.0,PHX,6316680.0,1.9273482183553208
Killian Hayes,SAC,11.002999325938251,4.638816107293665,7.2287240114898035,1.6990731982208667,0.4577892502480146,-59.62090955020826,0.3351428571428572,0.27771428571428575,0.8521428571428572,0.24028571428571432,577.5642857142857,28.428571428571427,1630165.0,SAC,0.0,
Klay Thompson,DAL,19.599644359411492,3.872633829039149,2.5063366152036934,0.8293147932435578,0.5398054458908497,-5.299675061232724,0.4065,0.3862,0.8399000000000001,0.4135,1794.6191666666664,71.5,202691.0,DAL,17460317.0,1.1225251156328657
Kobe Brown,IND,11.283689363581527,7.171979920764758,2.9053213917821767,0.9271918139152666,0.49278465126800763,7.8202253941593725,0.45409999999999995,0.3147,0.7127,0.4234,641.654,51.3,1641738.0,IND,4792059.0,2.3546641148578358
Kobe Sanders,LAC,13.18616266880434,4.075723006721342,2.903619658383178,1.3052969106493186,0.2663871246223099,2.477400258987482,0.466,0.408,0.826,0.512,1351.4166666666667,68.0,1642920.0,LAC,2150917.0,6.130484192929964
Kon Knueppel,CHA,21.142044682341382,6.097038252851453,3.8671029659289307,0.8044703250290112,0.2681567750096704,5.588951731780499,0.475,0.425,0.863,0.537,2550.7466666666664,81.0,1642851.0,CHA,10516560.0,2.0103574441016248
Kris Dunn,LAC,9.73968526207232,4.797230055394756,5.117241935211119,2.224695263610089,0.43794286302278695,0.7533493238943487,0.4637,0.3613,0.7247,0.5146,1899.7108333333333,76.4,1627739.0,LAC,5684800.0,1.7132854739080214
Kristaps Porziņģis,GSW,24.65733451189132,8.187014778037568,3.162744188843094,0.8770287424994363,1.924837118003873,9.553016655385127,0.4711,0.36760000000000004,0.8352999999999999,0.6047,1085.4245,40.0,204001.0,GSW,20000000.0,1.232866725594566
Kyle Filipowski,UTA,17.10383158536424,10.800325212794554,3.7158661419200643,1.3379063343290183,0.6824416192018147,-15.429379324940138,0.4957499999999999,0.334375,0.7125,0.24512499999999998,1696.1670833333335,75.12499999999999,1642271.0,UTA,3000000.0,5.701277195121413
Kyle Kuzma,MIL,19.209799641146873,6.648184681234575,3.6161705882740316,0.7761043852958981,0.5397381111912989,-6.346731624163575,0.46940000000000004,0.3328,0.7082,0.4071,1940.0236666666665,68.0,1628398.0,MIL,20345152.0,0.944195434919674
Kyshawn George,WAS,15.904485375077206,6.097991175318721,4.727594141896862,1.285822447087052,1.0701067998763674,-23.52540672492597,0.41325,0.358875,0.783625,0.21187499999999998,1545.170833333333,55.49999999999999,1642273.0,WAS,3108000.0,5.1172732867043775
Lachlan Olbrich,CHI,9.307955629366736,11.71338236504578,4.392518386892167,1.2550052533977618,0.8366701689318413,-44.65727026673703,0.468,0.105,0.375,0.378,344.2216666666667,37.0,1642950.0,CHI,,
Landry Shamet,NYK,14.597539257144513,2.8935861833674847,2.0247436143472224,1.0504132657588816,0.26580389750564654,5.19026948818727,0.443,0.38270000000000004,0.7208,0.5462,959.3068333333333,49.7,1629013.0,NYK,6000000.0,2.4329232095240854
Lauri Markkanen,UTA,25.596282703545018,7.416870808774412,2.0579724151572063,0.9633737841509964,0.4893024117199766,-15.814020043913406,0.4614,0.3611,0.8906000000000001,0.2717,1528.0006666666668,46.1,1628374.0,UTA,46113154.0,0.5550755149722575
LeBron James,PHI,24.160925842094272,7.195996896045505,8.1436708274941,1.2167810501504235,0.5983212529884585,1.8858615557584337,0.5194000000000001,0.3533,0.7531000000000001,0.6206,2228.5981666666667,65.2,2544.0,LAL,4000000.0,6.040231460523568
Leonard Miller,CHI,18.08361375427009,9.066853433581404,2.003724515708597,0.8515829191761539,0.751396693390724,-21.389759205189275,0.553,0.323,0.736,0.378,718.6616666666666,46.0,1631159.0,CHI,2406205.0,7.515408601623756
Liam McNeeley,CHA,12.929849940819818,7.150598830907929,2.3508818074217848,0.48976704321287184,0.2938602259277231,38.78954982245945,0.4,0.4,0.821,0.537,367.52166666666665,31.0,1642862.0,CHA,2902080.0,4.455373366971212
Lindy Waters III,SAS,13.078908372973972,4.387653929199169,2.5395176549023786,0.8824633915233642,0.3957145998007248,60.84645108604369,0.39239999999999997,0.36119999999999997,0.7516,0.6780999999999999,431.903,43.2,1630322.0,SAS,0.0,
Lonzo Ball,CLE,9.585616042899398,6.378563027923445,6.202771512994351,2.207858009999898,0.5736128359291716,8.19534305138925,0.32537499999999997,0.299,0.7224999999999999,0.57475,746.2258333333332,35.0,1628366.0,CLE,0.0,
Luguentz Dort,OKC,12.110408331906918,4.822098776876674,1.7888834971100778,1.242779208407987,0.6167056557093629,16.34370225204539,0.4106,0.37439999999999996,0.7598,0.7777,1995.5551666666665,71.6,1629652.0,OKC,18222222.0,0.664595587294838
Luka Dončić,LAL,31.95601332147562,8.1661241123071,8.389637800899623,1.6409700701412793,0.4999195494838942,2.239877833881687,0.4704,0.3698,0.7818,0.628,2199.6738333333333,61.0,1629029.0,LAL,49800000.0,0.6416870144874622
Luka Garza,BOS,21.614690198601696,9.01568140809576,1.8407734786986494,0.9665882123593563,0.657671949199724,61.611313433843236,0.5329999999999999,0.35609999999999997,0.7343,0.6575,649.1151666666667,51.2,1630568.0,BOS,2801346.0,7.715823107392552
Luke Kornet,SAS,11.533447302632982,10.200770323663694,3.00490722099513,0.8568451522027546,1.8281751356808864,21.308640463165048,0.6618999999999999,0.2,0.8011999999999999,0.7572,1320.02,68.5,1628436.0,SAS,10450000.0,1.1036791677160749
Malaki Branham,WAS,17.429677879166697,4.834644623107633,3.169465353005471,1.0538516622206568,0.2827890329260667,-72.28939736740013,0.4603,0.3799,0.832,0.28159999999999996,584.571,43.1,1631103.0,WAS,0.0,
Malevy Leons,GSW,10.807617417095182,6.901249675976441,2.994881934857701,1.8229716125220785,1.171910322335622,-5.989763869715402,0.444,0.25,0.789,0.451,276.4716666666667,25.0,1642502.0,GSW,,
Malik Monk,SAC,20.331787885942845,3.6477922947123966,5.768137409544524,0.9821689218797078,0.666568370410642,-10.068982452814225,0.4393,0.365,0.8648,0.39260000000000006,1672.516,64.9,1628370.0,SAC,20190035.0,1.0070209331456257
Mark Williams,PHX,18.857887337760573,12.732271287784615,2.178147614544487,1.242811100048773,1.4964307303789481,-6.704826932606907,0.6289999999999999,0.625,0.783375,0.430125,1324.173125,54.0,1631109.0,PHX,12600000.0,1.4966577252190931
Marvin Bagley III,DEN,18.920824067931868,11.038962009065887,2.0979025153907367,0.9228695390593253,1.1958396169666834,4.223098235784052,0.5819000000000001,0.35660000000000003,0.6795,0.3706,890.69,49.3,1628963.0,DAL,3506659.0,5.3956840593658715
Mason Plumlee,SAS,8.627043265208718,11.84290508293622,3.800061432282991,1.473349612395705,0.5720701579034418,72.31036287672255,0.6925,0.0,0.6573,0.6341,610.5430000000001,41.4,203486.0,SAS,0.0,
Matas Buzelis,CHI,18.675477354033116,6.966791225753801,2.286917200670976,0.8094778771267644,1.8308590221598158,-5.416717135356815,0.459625,0.3535,0.7968749999999999,0.41474999999999995,1971.8908333333331,78.125,1641824.0,CHI,5715360.0,3.267594229240698
Max Christie,DAL,13.546813985086452,4.389511663915658,2.4097202051386484,0.8543587688122065,0.5035428433894814,-3.7488593594743125,0.434,0.383,0.8626,0.41589999999999994,1949.2461666666668,75.3,1631108.0,DAL,8285714.0,1.6349603649228601
Maxi Kleber,LAL,6.682627288794586,6.072277604786492,2.3452395078394876,0.9958866684901976,0.9656480590410244,8.813722288787543,0.4279,0.2646,0.638,0.628,595.8498333333333,40.3,1628467.0,LAL,0.0,
Maxime Raynaud,SAC,16.90123632808522,10.192068761838808,1.833105892417052,0.6965802391184798,0.7149112980426503,-15.031468317819826,0.571,0.324,0.786,0.268,1963.88,74.0,1642875.0,SAC,2150917.0,7.857688756974452
Micah Peavy,NOP,10.331513196448817,4.613691007574471,2.4054286449747244,1.6956300284248058,0.3548993082749594,-14.550871639273334,0.385,0.259,0.759,0.317,912.935,61.0,1642877.0,NOP,2150917.0,4.803306309099243
Michael Porter Jr.,BKN,23.049622940021568,7.7472218966956605,2.713906099722352,0.9124280753978303,0.44562710524147925,-6.1917618494137185,0.47950000000000004,0.3794,0.8271,0.44399999999999995,2135.201666666667,65.3,1629008.0,BKN,40806150.0,0.5648565949010521
Mikal Bridges,NYK,17.084786967277747,3.9459456667581003,3.875494907982784,1.1865897487735453,0.6432091262337917,4.067745433640121,0.48219999999999996,0.3661,0.8205,0.5876,2827.6385,82.0,1628969.0,NYK,33482145.0,0.5102656047656966
Miles McBride,NYK,15.371842814351593,3.300101245268249,3.652237336076359,1.308559434943213,0.3031757052958051,12.965988738870779,0.42369999999999997,0.3992,0.8094,0.6315999999999999,1283.6019999999999,53.3,1630540.0,NYK,3956523.0,3.8851898028525538
Mohamed Diawara,NYK,13.965113498085369,5.336262881382215,3.0087439650346526,0.9650688189733791,0.34061252434354555,29.462983355716695,0.423,0.369,0.75,0.646,634.1516666666666,69.0,1642885.0,NYK,2800000.0,4.987540535030489
Moritz Wagner,BKN,22.229000369098603,9.451615447408534,2.431857325137929,1.2908478220137551,0.42098760997843704,2.847503891701005,0.5018,0.33099999999999996,0.7877,0.5391,665.4918333333334,43.0,1629021.0,ORL,9500000.0,2.33989477569459
Moses Moody,GSW,16.571057764420853,4.796427901129968,2.129270297983447,1.325965419827789,0.7499383491474836,2.5700391837978716,0.4423,0.3847,0.7811,0.5132,1495.8711666666668,65.4,1630541.0,GSW,12500000.0,1.3256846211536684
Moussa Diabaté,CHA,11.198211890018856,12.289982451341634,2.280020420387449,1.164073043886573,1.2883615955895384,-3.4364594361923007,0.617875,0.3125,0.635,0.422625,1652.0854166666666,72.24999999999999,1631217.0,CHA,2461462.0,4.549414896520383
Myles Turner,MIL,18.082921513535737,7.747335165664186,1.8680310116571857,0.8742975005823799,2.2975472542481876,-3.0162046568990917,0.46909999999999996,0.3819,0.7565,0.4926,2023.28,72.5,1626167.0,MIL,26584164.0,0.6802140369558259
Myron Gardner,MIA,14.29458837285782,10.699017064347572,3.85866189205978,1.7539372236635364,0.7015748894654146,16.75010048598677,0.48,0.406,0.731,0.524,410.505,45.0,1642066.0,MIA,2150917.0,6.645811239047262
Nae'Qwan Tomlin,CLE,13.415191063181792,6.671726036769554,1.9010832255311096,1.4706492876750092,1.2195628239256175,12.08801975479215,0.478,0.235,0.77,0.634,1003.6383333333332,64.0,1641772.0,CLE,2411090.0,5.563952844224724
Naji Marshall,DAL,17.110466481686917,6.088921435164336,3.890161379344492,1.35048344080964,0.1800893323470019,-2.203926646142348,0.5,0.3054,0.7821,0.42089999999999994,1919.0196666666666,70.9,1630230.0,DAL,9428571.0,1.8147465275158787
Neemias Queta,BOS,14.458208589164663,11.53252047674999,2.172688075049122,1.0668230432196706,1.913791516285461,35.33894180560991,0.6503,0.0625,0.7204999999999999,0.7207,1288.6736666666666,62.2,1629674.0,BOS,2667944.0,5.4192324086130235
Nick Richards,CHI,14.307057734557466,12.455117903922314,1.0533421357412618,0.4836831083138873,1.5978139617482232,-16.522617033055212,0.5715,0.139,0.6926,0.3719,1078.9693333333335,54.5,1630208.0,CHI,0.0,
Nick Smith Jr.,LAL,16.53006878892195,2.8257323825293836,3.2155498721007376,0.6650841768497184,0.21253748076501114,-7.279475232107857,0.41300000000000003,0.3859,0.8204,0.4438,743.8043333333335,43.2,1641733.0,LAL,0.0,
Nickeil Alexander-Walker,ATL,17.711442141827032,3.8596111995570466,3.9039556000787154,1.2056566528356338,0.6249650086461662,5.487828083765486,0.4487,0.392,0.845,0.5965,2307.7025,80.0,1629638.0,ATL,14403710.0,1.2296444556178256
Nicolas Batum,LAC,8.052335332007196,5.447544634638057,2.155831115600866,1.2901440773767732,0.7830037635696,5.487028598024448,0.4232,0.41090000000000004,0.7948,0.5536,1363.4268333333334,72.4,201587.0,LAC,5881680.0,1.3690536261760577
Nigel Hayes-Davis,PHX,6.27006352025135,6.085649887302781,1.2908954306399838,1.4753090635885528,0.3688272658971382,22.129635953828295,0.326,0.125,0.5,0.549,195.2133333333333,27.0,1628502.0,PHX,,
Nikola Jokić,DEN,28.483821992945145,12.959421463397188,10.410198470689114,1.5488654535900115,0.7891802962168053,5.827992398001943,0.5739,0.3869,0.8189,0.6515,2450.9636666666665,69.3,203999.0,DEN,59033114.0,0.4825058355035302
Nikola Jović,MIA,15.107533109924457,6.632919624130215,4.2194668264215025,1.135151214133636,0.6126618382194932,5.8415692695166275,0.4102,0.3256,0.7303,0.5095000000000001,929.9595000000002,46.5,1631107.0,MIA,16200000.0,0.9325637722175592
Nique Clifford,SAC,12.338430064960082,5.394476400494176,3.4241534598881467,1.3007957277787372,0.4591043745101426,-15.686066129096536,0.418,0.333,0.722,0.268,1881.925,75.0,1642363.0,SAC,3263400.0,3.7808512793283335
Noah Clowney,BKN,15.121676943681239,6.212887595485752,1.856973713732039,0.9100192753664117,0.9841090827110879,-18.936334613902435,0.41300000000000003,0.33720000000000006,0.7934,0.29510000000000003,1276.6893333333333,51.4,1641730.0,BKN,5414034.0,2.793051714060392
Noah Penda,ORL,10.791324155689809,8.88976923838764,3.327721105278796,1.4261661879766265,0.855699712785976,2.47202139249282,0.404,0.323,0.688,0.549,757.275,59.0,1642869.0,ORL,2150917.0,5.0170806942758865
Nolan Traore,BKN,14.44757953715308,2.866353455266844,6.167002888604421,1.3028879342122015,0.6659204997084586,-23.71256040266207,0.38,0.318,0.787,0.244,1243.3916666666669,56.0,1642849.0,BKN,,
OG Anunoby,NYK,17.46646716335569,5.14982194125116,2.280862994637537,1.5684914786965347,0.8002448334391798,7.132479198762963,0.4826,0.381,0.8076,0.6315999999999999,2264.0758333333333,65.7,1628384.0,NYK,42500000.0,0.4109756979613104
Obi Toppin,IND,21.182856165873453,8.05742824588312,3.763817018338637,1.0268954247736024,0.4171292970855024,-25.50517322977731,0.5247999999999999,0.3661,0.8448,0.41359999999999997,1021.4273333333333,52.1,1630167.0,IND,15000000.0,1.4121904110582302
Ochai Agbaji,BKN,11.946391747030653,5.058462224875947,1.842067851356779,1.0103091725503222,0.6937559774702488,-19.650185482521838,0.4496,0.3115,0.7631,0.2928,1336.525,65.8,1630534.0,BKN,0.0,
Olivier-Maxence Prosper,MEM,16.007049403851816,7.443800911530659,2.1440832786763835,1.3626809392281451,0.43450953054105346,-6.958018524854662,0.4721,0.3308,0.7071000000000001,0.4173,734.2591666666667,50.1,1641765.0,MEM,1002360.0,15.969361710215708
Onyeka Okongwu,ATL,16.845660962522835,9.784870963198575,3.068601328371022,1.136908884598204,1.2824344294435512,0.14749789171021366,0.5323,0.3518,0.7647999999999999,0.5147,2048.6094999999996,70.2,1630168.0,ATL,16120000.0,1.0450161887421112
Oscar Tshiebwe,UTA,16.93947638374738,14.370456268676687,2.5690201150706926,1.2845100575353463,0.4014093929797957,-55.47477810980777,0.634,0.0,0.551,0.268,448.42,27.0,1631131.0,UTA,,
Oso Ighodaro,PHX,9.89931969063251,8.067263846787172,3.218543414029744,1.2698104510552621,1.083648072887054,-1.6832765900902449,0.634625,0.0,0.5006249999999999,0.5077499999999999,1522.310625,74.12499999999999,1642345.0,PHX,2296271.0,4.311041549813811
Ousmane Dieng,MIL,13.468161095788986,6.113870748935815,3.7834702686104436,1.0206265209929715,0.5636979146897338,31.806201203587797,0.425,0.3277,0.7368999999999999,0.5827,744.1789999999999,46.2,1631172.0,MIL,5833333.0,2.308827748353983
P.J. Washington,DAL,16.189332463349484,8.020331434843786,2.2445768185381114,1.1746623579842037,1.1667097044235215,-4.677643607222617,0.4481,0.3408,0.6967000000000001,0.4233,1862.4031666666665,59.7,1629023.0,DAL,19813044.0,0.8171047549962278
Pacôme Dadiet,NYK,12.728344136711845,7.159693576900413,3.1820860341779613,0.7955215085444903,0.2651738361814968,137.62522097819684,0.333,0.219,0.818,0.646,135.76,29.0,1642359.0,NYK,2983680.0,4.265988355558185
Paolo Banchero,ORL,24.279191632937604,8.127049635149898,5.288104816865878,0.7954466895305916,0.5999264765809574,0.7329146855371018,0.45610000000000006,0.3163,0.7505999999999999,0.5391,2285.0418333333337,65.8,1631094.0,ORL,41500000.0,0.5850407622394603
Pascal Siakam,IND,24.391167909681243,7.416632994477403,4.106763783747244,1.0712763673909091,0.46455740536021695,-4.27967759997668,0.5049,0.3649,0.7131,0.41359999999999997,2324.2594999999997,70.4,1627783.0,IND,48924624.0,0.4985458428802895
Pat Connaughton,CHA,12.385621499761832,6.682334033393374,3.0383042538359657,1.000798989455561,0.339385361162884,28.59932550910147,0.45120000000000005,0.3673,0.7090000000000001,0.5636,664.3631666666668,48.5,1626192.0,CHA,3815861.0,3.2458261712787317
Pat Spencer,GSW,14.015154993062055,5.380632697911991,6.843641528499964,1.635991807226334,0.2537953294345455,13.814568503398629,0.41912499999999997,0.30824999999999997,0.7573749999999999,0.50125,861.6835416666667,55.875,1630311.0,GSW,0.0,
Patrick Williams,CHI,12.676504425315002,5.267660068356809,2.5367274534675657,1.172624346055118,0.7391650404073347,-6.815763934450221,0.3937,0.35919999999999996,0.7344999999999999,0.427,1444.605,63.5,1630172.0,CHI,18000000.0,0.7042502458508335
Paul Reed,DET,17.332591307231784,11.122490287634175,3.178703799121249,2.4053581890761597,2.196750558405526,18.353744397173045,0.5686,0.32189999999999996,0.7041999999999999,0.6416999999999999,899.4755,62.400000000000006,1630194.0,DET,5602689.0,3.093620100496705
Payton Pritchard,BOS,18.01794949092574,4.702706389598508,5.30882223257992,0.8952394251479361,0.16067966022519764,11.664697593141852,0.4672,0.3876,0.8627,0.7207,2324.170833333333,79.9,1630202.0,BOS,7767857.0,2.31955216103048
Pelle Larsson,MIA,14.06765304419802,4.557285996166172,3.9937992996429585,1.1486893807990275,0.31553697794565255,3.118220964817232,0.47424999999999995,0.32825,0.750125,0.496625,1448.9445833333327,64.375,1641796.0,MIA,2296271.0,6.126303491268243
Pete Nance,MIL,12.405400455389263,6.105019909148259,2.344327645112932,0.683762229824605,0.683762229824605,-24.85964107005171,0.515,0.42,0.364,0.39,737.0983333333334,47.0,1631250.0,MIL,,
Peyton Watson,DEN,15.057247452275622,5.74250561819494,2.2798207844275122,1.0796321494649577,1.7196872653358866,8.920649724563457,0.4816,0.3706,0.7069,0.6515,1593.165,63.4,1631212.0,DEN,0.0,
Precious Achiuwa,SAC,13.59609702524767,10.161096153728078,1.9796981082904193,1.3083774786425357,1.2050487454824643,-3.687743955982528,0.5148,0.276,0.5784,0.4426,1548.2271666666666,68.4,1630173.0,SAC,5477000.0,2.482398580472461
Quenton Jackson,IND,16.971716397488457,4.4170758371617245,5.387806451482084,1.52124335400178,0.3275779291717035,-9.938385486273363,0.47187499999999993,0.363125,0.8056249999999999,0.37374999999999997,703.78,41.12499999999999,1631245.0,IND,,
RJ Barrett,TOR,23.103094252645533,6.478066958914356,4.54192690204899,0.8253339678585907,0.3825926258989626,-1.68262461333169,0.4849,0.34650000000000003,0.6904999999999999,0.45130000000000003,1791.1476666666665,57.5,1629628.0,TOR,29616071.0,0.7800864014894323
Rasheer Fleming,PHX,12.723461232894682,6.629030222180423,0.855358738345861,1.1761182652255588,1.1226583440789426,6.415190537593957,0.405,0.346,0.559,0.549,673.4016666666666,55.0,1642853.0,PHX,2150917.0,5.9153659731615305
Reed Sheppard,HOU,16.357449642128618,4.1034934251430055,4.45032452340838,2.0006626201984226,0.9166549622084748,12.118998550037148,0.4003749999999999,0.373,0.806125,0.6339999999999999,1587.2089583333332,70.75,1642263.0,HOU,11108880.0,1.4724661389922853
Rob Dillingham,CHI,15.217498624340218,4.347008907474202,5.8812476151518105,1.6135398045958063,0.16534601210713146,0.8221482077913167,0.41287500000000005,0.32425,0.6655,0.4604999999999999,799.7114583333333,59.0,1642265.0,CHI,6889320.0,2.2088535043139554
Robert Williams III,POR,13.3170798599609,13.79563138223743,2.1459359796716613,1.2806150471461575,3.2095919711387153,-9.911401460436675,0.682875,0.36924999999999997,0.7032499999999999,0.484625,761.8820833333333,44.375,1629057.0,POR,,
Ron Harper Jr.,BOS,13.945285435344015,5.442062608914737,2.494278695752588,1.1337630435239037,1.0203867391715133,71.54044804635832,0.418,0.35,0.75,0.683,317.52666666666664,29.0,1631199.0,BOS,,
Ronald Holland II,DET,14.85257292252526,6.895312472515403,2.2528189609698837,1.857476819229525,0.5730557231956481,11.37156672087149,0.4477499999999999,0.24737499999999998,0.785875,0.658875,1443.9008333333334,79.12499999999999,1641842.0,DET,,
Royce O'Neale,PHX,12.460321390587051,6.4666277612944025,3.4570082375231923,1.2945225474217703,0.6164081616777759,0.45441394718292805,0.41679999999999995,0.3998,0.712,0.5258,2048.437,77.3,1626220.0,PHX,10875000.0,1.1457766795942117
Rudy Gobert,MIN,13.131470544649222,12.871057296225212,1.825529987311141,0.8362507313554666,1.8578719256684444,5.402547400890345,0.6739,0.0,0.5928,0.615,2425.173,74.8,203497.0,MIN,36500000.0,0.3597663162917595
Ryan Dunn,PHX,11.648188651680453,7.486470532319336,2.239004203227645,1.4172819928622085,0.8643283448021599,-0.36236363613673467,0.444375,0.3235,0.4882499999999999,0.5077499999999999,1375.9343749999998,71.5,1642346.0,PHX,2784240.0,4.183615152314618
Ryan Kalkbrenner,CHA,12.680412719624913,9.175653733778487,1.3142846196924094,0.7788353301880945,2.4581990109061733,9.638087211077668,0.753,0.0,0.716,0.537,1479.131666666667,69.0,1641750.0,CHA,2411090.0,5.259203397477868
Ryan Rollins,MIL,17.882382193204645,4.980533083981413,5.634494759895896,1.7337574183684679,0.5736647226019614,-1.4771138722686377,0.47762499999999997,0.40675,0.7975,0.46312499999999995,1791.9989583333331,67.24999999999999,1631157.0,MIL,4000000.0,4.470595548301161
Saddiq Bey,NOP,18.859887036550962,6.630935870725465,2.543091228333251,1.0331157448627608,0.13503718150870062,-5.118492671602491,0.441,0.3524285714285715,0.8398571428571429,0.3518571428571429,2193.027380952381,69.42857142857143,1630180.0,NOP,6440678.0,2.9282456034210935
Sam Hauser,BOS,13.87626511327411,5.503363084926539,1.8486285661649648,0.8064263506709428,0.40856280850365767,14.954178318415746,0.434,0.4061,0.9039999999999999,0.7207,1777.5320000000002,76.1,1630573.0,BOS,10848215.0,1.2791288809517611
Sam Merrill,CLE,15.856039049771844,3.7567983490450683,3.193745113837543,0.9678126058995544,0.22634273889787868,11.765732645693376,0.43270000000000003,0.40290000000000004,0.9031,0.6679999999999999,1322.7048333333332,59.5,1630241.0,CLE,9160715.0,1.7308735234937278
Scoot Henderson,POR,18.95664477913701,3.9324243034292605,6.122912706293976,1.2631369985254257,0.349460946054218,-5.093758606474987,0.41169999999999995,0.34719999999999995,0.8139000000000001,0.43889999999999996,1254.7151666666666,47.2,1630703.0,POR,13585523.0,1.3953562758781544
Scottie Barnes,TOR,20.15308281599108,8.267475460675339,6.343559932256966,1.4939356373785242,1.40024011615976,-2.0388347701370377,0.4823,0.3015,0.7902,0.45130000000000003,2399.477,71.5,1630567.0,TOR,41754690.0,0.48265435130738804
Shaedon Sharpe,POR,22.61662866519052,5.296183106874963,3.2033958066495503,1.3440416531588673,0.23170993056329747,-6.494680343819143,0.44279999999999997,0.3284,0.7938000000000001,0.43889999999999996,1623.1535,53.0,1631101.0,POR,20089287.0,1.1258054437268243
Shai Gilgeous-Alexander,OKC,33.55402900712865,5.073023643595834,6.901975815948077,1.7247239524370588,0.9234677489837699,13.384245525708149,0.5392000000000001,0.3761,0.8836999999999999,0.7777,2419.299666666667,71.8,1628983.0,OKC,40806150.0,0.8222787253178417
Sharife Cooper,WAS,17.125755061321573,4.42286767349446,6.377158040852478,0.8228591020454811,0.25714346938921284,-50.5029773880414,0.514,0.382,0.833,0.207,699.9983333333333,41.0,1630536.0,WAS,,
Sidy Cissoko,POR,9.77913069035527,5.079463379665836,3.49379805766845,1.0511831599158123,0.5099127383804056,-29.154066739925888,0.41112499999999996,0.272875,0.53675,0.484625,939.8331250000001,55.125,1631321.0,POR,2497812.0,3.915078753066792
Simone Fontecchio,MIA,16.09105935177012,6.194362719614759,2.56058529193837,1.031469304134026,0.3437028821424033,1.022881505910064,0.41859999999999997,0.3682,0.835,0.45730000000000004,1286.0181666666667,70.7,1631323.0,MIA,2449421.0,6.569331834654035
Sion James,CHA,8.612907425892974,5.605225467644633,3.183455579184931,1.015580920966972,0.3906080465257585,7.734039321210017,0.371,0.352,0.837,0.537,1843.28,82.0,1642883.0,CHA,2411090.0,3.572204864145666
Spencer Jones,DEN,8.406550915672362,5.160647379500425,1.3515543631154616,1.367435333478042,1.0021730151386972,41.25743649401185,0.4365,0.269625,0.7549999999999999,0.6406249999999999,932.228125,47.5,1642461.0,DEN,5850000.0,1.4370172505422842
Stephen Curry,GSW,29.523668524094425,4.553781188119041,5.895486743652874,1.2079339887072549,0.45739161659577,1.3125226434734287,0.45840000000000003,0.3972,0.926,0.5132,1824.4068333333335,57.3,201939.0,GSW,62587158.0,0.471720868426306
Stephon Castle,SAS,19.94070771615816,5.851582907532524,7.615956014190252,1.3233143615412961,0.3471623224191789,6.108168185395618,0.454875,0.31437499999999996,0.7302499999999998,0.6281249999999999,2084.3477083333332,72.87499999999999,1642264.0,SAS,10015920.0,1.9909012568149664
Steven Adams,HOU,9.586063792347101,14.06195491304644,2.6007847326993483,1.0517673315387783,1.092160851005441,19.475592056197826,0.5193749999999999,0.0,0.53575,0.6339999999999999,754.253125,41.74999999999999,203500.0,HOU,13000000.0,0.7373895224882385
Svi Mykhailiuk,UTA,14.872720176424394,4.098628817265597,3.138076169534548,0.8665631758496726,0.16358858429735762,-5.437338198941276,0.4395,0.3853,0.8199000000000001,0.3521,888.5305000000001,44.6,1629004.0,UTA,3850000.0,3.8630442016686737
T.J. McConnell,IND,19.366459416136934,4.85681222948187,10.220532676959104,2.0821280197082856,0.3918630133743858,-9.458672303730442,0.5359,0.3336,0.8109999999999999,0.41359999999999997,1164.0778333333333,65.9,204456.0,IND,11000000.0,1.7605872196488122
Taelon Peter,IND,12.506348658147614,4.315055969770229,2.9254616744204944,1.9015500883733214,0.2925461674420495,-47.904434918635594,0.38,0.328,0.625,0.232,492.23,38.0,1643007.0,IND,,
Tari Eason,HOU,15.726546321537938,9.41633705524879,2.081858231079247,2.039156459968611,0.9905167448531866,9.166593811185184,0.4473,0.3536,0.7432,0.6072,1296.6315,51.5,1631106.0,HOU,16300000.0,0.9648187927323888
Taylor Hendricks,MEM,13.576833399926924,7.302786718899749,1.6488070060942028,1.4858136801567723,1.0500197452333508,-16.150407706000305,0.45642857142857146,0.35257142857142865,0.7130000000000001,0.3258571428571429,1043.5983333333334,53.57142857142858,1641707.0,MEM,7805900.0,1.7393040392429988
Terance Mann,BKN,11.834047786536956,4.850587099900136,3.618229406976791,1.0068871812929412,0.34879726718271237,-9.317567657301913,0.48030000000000006,0.362,0.7677,0.39280000000000004,1563.3616666666667,66.6,1629611.0,BKN,15500000.0,0.7634869539701262
Terrence Shannon Jr.,MIN,15.583448118747249,3.9231248870186386,2.865161864413779,0.8647580635456333,0.24106276603218674,27.843587043402042,0.46199999999999997,0.388125,0.80375,0.5979999999999999,463.10749999999996,38.875,1630545.0,MIN,2801640.0,5.562259290539559
Thanasis Antetokounmpo,MIL,10.285927694835953,6.074100053854278,3.7318891309278253,2.7225493987782134,1.307465224637614,-74.2335402090388,0.4872857142857143,0.0,0.40499999999999997,0.44942857142857146,150.09357142857147,34.0,203648.0,MIL,0.0,
Thomas Bryant,CLE,17.451698917883284,10.15728809243502,1.7812606001796487,0.9198773818306749,1.3603180182521117,12.690338351614276,0.5208,0.3131,0.8336,0.6122000000000001,743.0863333333334,57.400000000000006,1628418.0,CLE,3520000.0,4.9578690107622965
Tidjane Salaün,CHA,12.510919399679254,8.864306575137316,1.8586506127192073,0.9402947170247289,0.4256182624702379,7.381208916900418,0.43812500000000004,0.37737499999999996,0.6736249999999999,0.422625,826.2449999999999,45.625,1642275.0,CHA,8237880.0,1.5187061962154407
Tony Bradley,ATL,12.940254130733843,9.265860982500776,1.7573184621984232,0.47926867150866087,0.559146783426771,15.81586615978581,0.547,0.5,0.744,0.561,450.68666666666667,41.0,1628396.0,ATL,0.0,
Toumani Camara,POR,13.169391253665516,6.101772215403365,2.42655860481294,1.3843795909125207,0.5791964805637486,-4.25563816160003,0.4474,0.3649,0.7222,0.43889999999999996,2477.8978333333334,78.4,1641739.0,POR,18080358.0,0.728381111351087
Trayce Jackson-Davis,TOR,14.55400409795444,10.907772468229922,3.0992738962282322,1.0585284360592615,1.7794566970215986,12.809075842408122,0.5996999999999999,0.5,0.5426,0.5682,764.1446666666667,58.7,1631218.0,TOR,2406205.0,6.048530402835353
Tre Johnson,WAS,18.289225935381026,4.2417031500883695,3.044045790063418,0.823389435017154,0.44912151000935674,-24.50207349051046,0.419,0.358,0.874,0.207,1442.8166666666666,60.0,1642848.0,WAS,8649600.0,2.1144591582710213
Tre Jones,CHI,15.92288192562588,4.452960719019418,7.49605998661589,1.4848696381494286,0.26263652275477034,-7.70504340960703,0.5389,0.34330000000000005,0.838,0.38539999999999996,1575.3141666666666,61.7,1630200.0,CHI,8000000.0,1.990360240703235
Tre Mann,CHA,15.174699212698373,5.091662793921328,5.027576945463755,1.4931288744928084,0.223600683318213,6.480418745610288,0.3882857142857143,0.3372857142857143,0.8265714285714286,0.4567142857142858,759.4983333333334,49.57142857142858,1630544.0,CHA,8000000.0,1.8968374015872966
Trendon Watford,PHI,16.167133237253207,7.150306248159641,4.7926293159564946,0.8462829603262774,0.7601996502287501,-9.203678932312364,0.5036,0.2784,0.7769,0.44760000000000005,876.9653333333333,52.3,1630570.0,PHI,2801346.0,5.771201856983467
Trey Murphy III,NOP,21.05351518761474,5.6528929047434335,3.545763453750711,1.3047479466591028,0.5309925611769271,-5.798034790103327,0.4598,0.3738,0.8721000000000001,0.3549,2064.641166666667,60.3,1630530.0,NOP,27000000.0,0.7797598217635089
Tristan Vukcevic,WAS,23.480584496282162,8.3536804876585,2.8716142956313604,1.0610103920293406,1.7124321976008605,-59.797214915052855,0.48537499999999995,0.35674999999999996,0.781,0.21187499999999998,611.5537499999999,43.75,1641774.0,WAS,,
Tristan da Silva,ORL,13.444445716763306,5.394990789674839,2.405528472661347,1.0790393736893258,0.4453441562331982,0.5330729294756834,0.43575,0.35937499999999994,0.879875,0.5306249999999999,1797.8897916666667,75.875,1641783.0,ORL,,
Tyler Kolek,NYK,12.170534522748016,4.263126341820205,8.45111084701978,1.2277459656631762,0.3061079047689584,31.375491200412807,0.39524999999999993,0.353,0.7243749999999999,0.637,565.5329166666667,54.12499999999999,1642278.0,NYK,2296271.0,5.30012987262741
Tyrese Martin,PHI,13.769795832883153,5.608502221484618,3.511988305147754,1.0732662836281002,0.26620538421343176,-6.418296053362701,0.3985,0.33224999999999993,0.72175,0.462,978.6262499999999,51.25,1631213.0,PHI,,
Tyrese Maxey,PHI,25.91508285870725,3.627701191937676,6.052091098636991,1.5699072461241794,0.5782132960679784,-2.2313916518879413,0.45210000000000006,0.3592,0.8833,0.477,2443.779,64.6,1630178.0,PHI,40770520.0,0.6356328753890618
Tyrese Proctor,CLE,17.96411579809938,4.226850776023384,4.887296209777038,1.6511135843841345,0.0,22.257011117498134,0.413,0.351,0.889,0.634,545.0866666666667,50.0,1642878.0,CLE,2150917.0,8.351840539685808
Tyson Etienne,BKN,17.904477873777466,2.557782553396781,3.7893074865137497,1.042059558791281,0.0,-77.58607078636902,0.4,0.398,0.833,0.244,380.01666666666665,24.0,1630623.0,BKN,,
Tyus Jones,DEN,10.72271902215989,3.0387025541256145,6.863141510778939,1.2879386549970093,0.161990946437736,3.701158130419736,0.40669999999999995,0.353,0.8175000000000001,0.4978,1527.8775,71.0,1626145.0,DEN,2450000.0,4.376620009044853
VJ Edgecombe,PHI,16.454053188630375,5.804891158290783,4.32279128808888,1.468376723255588,0.5352027309062424,-0.2058472041947086,0.438,0.354,0.818,0.549,2623.305,75.0,1642845.0,PHI,11663880.0,1.4106843682059806
Victor Wembanyama,SAS,28.53164559852675,13.260113597896396,4.044638692848247,1.3053160440598794,4.01354615930262,3.1536064459960205,0.4918,0.34509999999999996,0.8234999999999999,0.5561,1812.2471666666665,60.0,1641705.0,SAS,16868246.0,1.6914411610150073
Vince Williams Jr.,UTA,13.079191743003243,6.981424519736518,5.715169699525823,1.1325786453239541,0.6735302464748445,-9.434563919134805,0.386,0.3133,0.7876000000000001,0.3753,846.5675,38.5,1631246.0,UTA,0.0,
Vít Krejčí,POR,12.767552074907764,4.066996798381072,3.335421328639611,1.1179406686520337,0.5561632418451049,-3.5625665471454564,0.47109999999999996,0.4085,0.7524,0.4902,1150.1035,54.0,1630249.0,POR,2667944.0,4.785539754547983
Walter Clayton Jr.,MEM,13.730960238491068,3.547590098792302,7.1207024285111675,1.1229781607687863,0.4849223876047032,-12.582459846795718,0.384,0.307,0.901,0.305,1410.535,69.0,1642383.0,MEM,,
Wendell Carter Jr.,ORL,14.135632347411761,9.511348416248342,2.5208163891081816,0.9705538085137352,0.7806235263859099,1.1974917369090177,0.499,0.3045,0.7559,0.5391,1952.917,70.4,1628976.0,ORL,18102000.0,0.7808878768871815
Will Richard,GSW,11.531044701319358,4.4973689084510875,2.4317169098020415,2.0917994923028314,0.23532744288406854,-1.202784708074128,0.468,0.335,0.852,0.451,1376.805,69.0,1642954.0,GSW,2150917.0,5.360990080658322
Will Riley,WAS,16.84807189098739,4.675119425247809,3.2196577173876424,1.1908323064310458,0.19847205107184096,-21.655506016949758,0.439,0.316,0.8,0.207,1632.4716666666666,74.0,1642860.0,WAS,3688320.0,4.567952859564081
Xavier Tillman,CHA,7.995660158293242,7.779401645300666,2.168865364877849,1.7723057113341434,1.0483896192616464,80.57488754283037,0.3778,0.17970000000000003,0.438,0.6476999999999999,356.1211666666667,35.7,1630214.0,CHA,,
Yang Hansen,POR,11.404054775031122,7.92281700160057,2.640939000533523,0.3601280455272986,1.2004268184243285,-2.881024364218389,0.31,0.119,0.824,0.512,299.8933333333333,43.0,1642905.0,POR,4643520.0,2.455907323545742
Yanic Konan Niederhäuser,LAC,14.954741608216928,9.941504364553298,1.0196414732875179,0.42485061386979905,2.5491036832187945,7.902221417978263,0.64,0.2,0.758,0.512,423.6783333333333,41.0,1642949.0,LAC,2880960.0,5.190888317858258
Yves Missi,NOP,11.130124376671562,10.827137037340968,2.1405233240335164,0.6023402200781015,2.428523739299249,-11.736825304884395,0.545125,0.0,0.583,0.29412499999999997,1544.0691666666664,68.625,1642274.0,NOP,3512760.0,3.168484148268473
Zach LaVine,SAC,22.173779439996217,3.9604149429098916,3.404309924380679,0.8257916365071485,0.2628913719043815,-12.86885062367521,0.48319999999999996,0.3986,0.8583000000000001,0.37560000000000004,1567.248,46.7,203897.0,SAC,48967380.0,0.452827564799183
Zeke Nnaji,DEN,11.056476583859336,7.071562422007337,1.6423730711663316,1.1203912423413074,1.8400467789828836,23.187547334588565,0.4764,0.27980000000000005,0.7061,0.6515,610.6081666666666,54.7,1630192.0,DEN,7466667.0,1.4807780478035697
Zion Williamson,NOP,27.23754976586565,7.49700050796401,5.097088122156494,1.300691739746405,0.8258991310828214,-12.164966803793718,0.5841,0.2609,0.6952,0.3549,1619.099333333333,54.0,1629627.0,NOP,42166510.0,0.6459521967994423
Jayson Tatum,BOS,26.61477035609593,8.474143152106967,5.721589087844458,1.0383469505819067,0.534143912457962,9.934930882055859,0.4558,0.3496,0.8177999999999999,0.7207,2628.096,72.4,1628369.0,BOS,58456566.0,0.45529137575573514
Damian Lillard,MIL,24.868685757335633,4.636561663522128,7.060551674909427,1.1643232412741833,0.18787325323186577,-2.7297981153300492,0.44320000000000004,0.3716,0.9208000000000001,0.4901,2189.9816666666666,61.0,203081.0,MIL,35915403.0,0.6924239652089004
Kyrie Irving,DAL,24.977548885855374,4.860687411210593,4.748917847543358,1.316291013833571,0.46655493575729573,-4.455154252688783,0.4778,0.403,0.9138,0.4233,1848.9589999999998,51.6,202681.0,DAL,39491282.0,0.6324826042835321
Tyrese Haliburton,IND,20.470326465182445,3.909851854651234,10.34495701141688,1.5028492544409793,0.7313358808834437,-3.1953902181217697,0.4738,0.3832,0.8518,0.41359999999999997,2405.021,72.2,1630169.0,IND,48924624.0,0.4184053916322882
Fred VanVleet,HOU,14.91922977735318,3.760271989421481,6.122196885889533,1.553140013671287,0.499268469377546,5.78837041054925,0.3856,0.3534,0.8200000000000001,0.6072,2225.924,62.6,1627832.0,HOU,25000000.0,0.5967691910941272
Domantas Sabonis,SAC,19.770438650628826,14.279405876042933,6.670557741118302,0.7511178614183924,0.4263225773302849,-5.551833037368152,0.5908,0.4094,0.744,0.39260000000000006,2528.7056666666667,72.4,1627734.0,SAC,45472000.0,0.4347826937594305
Dejounte Murray,NOP,19.95693571639258,6.766981363517895,7.78616879581145,2.079759315758965,0.4035355374398558,-15.273517636464405,0.4062,0.31179999999999997,0.8171999999999999,0.3231,1366.3873333333331,40.4,1627749.0,NOP,32785071.0,0.6087202225791299
Jeremy Sochan,NYK,15.854558572068175,8.995153617113388,3.5201768893936793,1.15371664063094,0.7014224726200674,3.3130754908553977,0.5156000000000001,0.308,0.711,0.5011,1529.7936666666665,58.0,1631110.0,NYK,0.0,
Zach Edey,MEM,15.511048796940168,13.93451596839871,1.6528166750837885,0.9154061585079443,2.1613756520326466,-4.0398653731374905,0.58,0.346,0.7089999999999999,0.4099999999999999,1415.765,65.99999999999999,1641744.0,MEM,6332760.0,2.4493346971841925
Trae Young,WAS,24.507800579618305,3.0339369793534834,11.414611477732299,1.223805311821061,0.16696339230410423,-7.483747646972515,0.41479999999999995,0.3466,0.871,0.3377,2579.5906666666665,71.6,1629027.0,WAS,53000000.0,0.4624113316909114
